LeanDring/Basic/AbelianTwo.lean	LeanDring/Theory/DRing/AbelianTwo.lean
LeanDring/Basic/Adams.lean	LeanDring/Theory/DRing/Adams.lean
LeanDring/Basic/Bridge.lean	LeanDring/Theory/DRing/Bridge.lean
LeanDring/Basic/BridgeCounts.lean	LeanDring/Theory/DRing/BridgeCounts.lean
LeanDring/Basic/BridgeEntries.lean	LeanDring/Theory/DRing/BridgeEntries.lean
LeanDring/Basic/BridgeRecognition.lean	LeanDring/Theory/DRing/BridgeRecognition.lean
LeanDring/Basic/BridgeTransport.lean	LeanDring/Theory/DRing/BridgeTransport.lean
LeanDring/Basic/Burnside.lean	LeanDring/Theory/DRing/Burnside.lean
LeanDring/Basic/Census.lean	LeanDring/Theory/DRing/Census.lean
LeanDring/Basic/CharTorsion.lean	LeanDring/Theory/DRing/CharTorsion.lean
LeanDring/Basic/Classification.lean	LeanDring/Theory/DRing/Classification.lean
LeanDring/Basic/CyclotomicCode.lean	LeanDring/Theory/Cyclotomic/CyclotomicCode.lean
LeanDring/Basic/CyclotomicNonMem.lean	LeanDring/Theory/Cyclotomic/CyclotomicNonMem.lean
LeanDring/Basic/DecideIso.lean	LeanDring/Theory/DRing/DecideIso.lean
LeanDring/Basic/Decomposition.lean	LeanDring/Theory/DRing/Decomposition.lean
LeanDring/Basic/DtoB.lean	LeanDring/Theory/DRing/DtoB.lean
LeanDring/Basic/FreeBasis.lean	LeanDring/Theory/DRing/FreeBasis.lean
LeanDring/Basic/GabCount.lean	LeanDring/Theory/DRing/GabCount.lean
LeanDring/Basic/GaussRootNumber.lean	LeanDring/Theory/Gauss/GaussRootNumber.lean
LeanDring/Basic/GaussSign.lean	LeanDring/Theory/Gauss/GaussSign.lean
LeanDring/Basic/GaussSignTheorem.lean	LeanDring/Theory/Gauss/GaussSignTheorem.lean
LeanDring/Basic/GrothendieckRing.lean	LeanDring/Theory/DRing/GrothendieckRing.lean
LeanDring/Basic/Induced.lean	LeanDring/Theory/DRing/Induced.lean
LeanDring/Basic/MarkInjectivity.lean	LeanDring/Theory/DRing/MarkInjectivity.lean
LeanDring/Basic/Marks.lean	LeanDring/Theory/DRing/Marks.lean
LeanDring/Basic/Monomial.lean	LeanDring/Theory/DRing/Monomial.lean
LeanDring/Basic/OddOrder.lean	LeanDring/Theory/OddOrder/OddOrder.lean
LeanDring/Basic/P4ABlock.lean	LeanDring/P4/ABlock.lean
LeanDring/Basic/P4ADetect.lean	LeanDring/P4/ADetect.lean
LeanDring/Basic/P4ARowDetect.lean	LeanDring/P4/ARowDetect.lean
LeanDring/Basic/P4Abelian.lean	LeanDring/P4/Abelian.lean
LeanDring/Basic/P4AbelianizationSep.lean	LeanDring/P4/AbelianizationSep.lean
LeanDring/Basic/P4Capstone.lean	LeanDring/P4/Capstone.lean
LeanDring/Basic/P4CharDist.lean	LeanDring/P4/CharDist.lean
LeanDring/Basic/P4ColTwo.lean	LeanDring/P4/ColTwo.lean
LeanDring/Basic/P4ColTwoExp.lean	LeanDring/P4/ColTwoExp.lean
LeanDring/Basic/P4Endgame.lean	LeanDring/P4/Endgame.lean
LeanDring/Basic/P4ExpA.lean	LeanDring/P4/ExpA.lean
LeanDring/Basic/P4ExpGen.lean	LeanDring/P4/ExpGen.lean
LeanDring/Basic/P4ExpModels.lean	LeanDring/P4/ExpModels.lean
LeanDring/Basic/P4Hentry.lean	LeanDring/P4/Hentry.lean
LeanDring/Basic/P4HentryValue.lean	LeanDring/P4/HentryValue.lean
LeanDring/Basic/P4LastModels.lean	LeanDring/P4/LastModels.lean
LeanDring/Basic/P4Model.lean	LeanDring/P4/Model.lean
LeanDring/Basic/P4ModelPow.lean	LeanDring/P4/ModelPow.lean
LeanDring/Basic/P4ModularModels.lean	LeanDring/P4/ModularModels.lean
LeanDring/Basic/P4NoTableIso.lean	LeanDring/P4/NoTableIso.lean
LeanDring/Basic/P4NpTwoCounts.lean	LeanDring/P4/NpTwoCounts.lean
LeanDring/Basic/P4OrderP3.lean	LeanDring/P4/OrderP3.lean
LeanDring/Basic/P4PairCount.lean	LeanDring/P4/PairCount.lean
LeanDring/Basic/P4QuadSum.lean	LeanDring/P4/QuadSum.lean
LeanDring/Basic/P4SocleCount.lean	LeanDring/P4/SocleCount.lean
LeanDring/Basic/P4Specializations.lean	LeanDring/P4/Specializations.lean
LeanDring/Basic/P4SweepComplete.lean	LeanDring/P4/SweepComplete.lean
LeanDring/Basic/P4SweepCounts.lean	LeanDring/P4/SweepCounts.lean
LeanDring/Basic/P4SweepSeparations.lean	LeanDring/P4/SweepSeparations.lean
LeanDring/Basic/P4TableAudit.lean	LeanDring/P4/TableAudit.lean
LeanDring/Basic/P4TwinFinal.lean	LeanDring/P4/TwinFinal.lean
LeanDring/Basic/P4TwinSeparation.lean	LeanDring/P4/TwinSeparation.lean
LeanDring/Basic/P5AllSubgroups.lean	LeanDring/P5/Certificate/SubgroupInventory/Twin1/AllSubgroups.lean
LeanDring/Basic/P5AllSubgroups2.lean	LeanDring/P5/Certificate/SubgroupInventory/Twin2/AllSubgroups.lean
LeanDring/Basic/P5AllSubgroupsProofs.lean	LeanDring/P5/Certificate/SubgroupInventory/Twin1/AllSubgroupsProofs.lean
LeanDring/Basic/P5AllSubgroupsProofs2.lean	LeanDring/P5/Certificate/SubgroupInventory/Twin2/AllSubgroupsProofs.lean
LeanDring/Basic/P5Assembly.lean	LeanDring/P5/Certificate/RingIsomorphism/Twin1/Assembly.lean
LeanDring/Basic/P5Cgs.lean	LeanDring/P5/Certificate/ComputableModel/Twin1/Cgs.lean
LeanDring/Basic/P5CharAlign.lean	LeanDring/P5/Certificate/Characters/Twin2/CharAlign.lean
LeanDring/Basic/P5CharAssembly.lean	LeanDring/P5/Certificate/Characters/Twin1/CharAssembly.lean
LeanDring/Basic/P5CharAssembly2.lean	LeanDring/P5/Certificate/Characters/Twin2/CharAssembly.lean
LeanDring/Basic/P5CharBasis0.lean	LeanDring/P5/Certificate/Characters/Twin1/CharBasis/Chunk01.lean
LeanDring/Basic/P5CharBasis1.lean	LeanDring/P5/Certificate/Characters/Twin1/CharBasis/Chunk02.lean
LeanDring/Basic/P5CharBasis2.lean	LeanDring/P5/Certificate/Characters/Twin1/CharBasis/Chunk03.lean
LeanDring/Basic/P5CharBasis2_0.lean	LeanDring/P5/Certificate/Characters/Twin2/CharBasis/Chunk01.lean
LeanDring/Basic/P5CharBasis2_1.lean	LeanDring/P5/Certificate/Characters/Twin2/CharBasis/Chunk02.lean
LeanDring/Basic/P5CharBasis2_2.lean	LeanDring/P5/Certificate/Characters/Twin2/CharBasis/Chunk03.lean
LeanDring/Basic/P5CharBasis2_3.lean	LeanDring/P5/Certificate/Characters/Twin2/CharBasis/Chunk04.lean
LeanDring/Basic/P5CharBasis3.lean	LeanDring/P5/Certificate/Characters/Twin1/CharBasis/Chunk04.lean
LeanDring/Basic/P5CharBox.lean	LeanDring/P5/Certificate/Characters/Twin1/CharBox.lean
LeanDring/Basic/P5CharBox2.lean	LeanDring/P5/Certificate/Characters/Twin2/CharBox.lean
LeanDring/Basic/P5CharBoxReps.lean	LeanDring/P5/Certificate/Characters/Twin1/CharBoxReps.lean
LeanDring/Basic/P5CharBoxReps2.lean	LeanDring/P5/Certificate/Characters/Twin2/CharBoxReps.lean
LeanDring/Basic/P5CharCert.lean	LeanDring/P5/Certificate/Characters/Twin1/CharCert.lean
LeanDring/Basic/P5CharCert2.lean	LeanDring/P5/Certificate/Characters/Twin2/CharCert.lean
LeanDring/Basic/P5CharComplete.lean	LeanDring/P5/Certificate/Characters/Twin1/CharComplete.lean
LeanDring/Basic/P5CharComplete2.lean	LeanDring/P5/Certificate/Characters/Twin2/CharComplete.lean
LeanDring/Basic/P5CharComplete2Full.lean	LeanDring/P5/Certificate/Characters/Twin2/CharCompleteFull.lean
LeanDring/Basic/P5CharComplete2_3a.lean	LeanDring/P5/Certificate/Characters/Twin2/CharComplete/Chunk01.lean
LeanDring/Basic/P5CharComplete2_3b.lean	LeanDring/P5/Certificate/Characters/Twin2/CharComplete/Chunk02.lean
LeanDring/Basic/P5CharComplete2_3c.lean	LeanDring/P5/Certificate/Characters/Twin2/CharComplete/Chunk03.lean
LeanDring/Basic/P5CharComplete2_3d.lean	LeanDring/P5/Certificate/Characters/Twin2/CharComplete/Chunk04.lean
LeanDring/Basic/P5CharComplete2_3e.lean	LeanDring/P5/Certificate/Characters/Twin2/CharComplete/Chunk05.lean
LeanDring/Basic/P5CharComplete2_3f.lean	LeanDring/P5/Certificate/Characters/Twin2/CharComplete/Chunk06.lean
LeanDring/Basic/P5CharComplete2_3g.lean	LeanDring/P5/Certificate/Characters/Twin2/CharComplete/Chunk07.lean
LeanDring/Basic/P5CharComplete2_3h.lean	LeanDring/P5/Certificate/Characters/Twin2/CharComplete/Chunk08.lean
LeanDring/Basic/P5CharComplete3.lean	LeanDring/P5/Certificate/Characters/Twin1/CharCompleteStage3.lean
LeanDring/Basic/P5CharComplete3a.lean	LeanDring/P5/Certificate/Characters/Twin1/CharComplete/Chunk01.lean
LeanDring/Basic/P5CharComplete3b.lean	LeanDring/P5/Certificate/Characters/Twin1/CharComplete/Chunk02.lean
LeanDring/Basic/P5CharComplete3c.lean	LeanDring/P5/Certificate/Characters/Twin1/CharComplete/Chunk03.lean
LeanDring/Basic/P5CharComplete3d.lean	LeanDring/P5/Certificate/Characters/Twin1/CharComplete/Chunk04.lean
LeanDring/Basic/P5CharComplete3e.lean	LeanDring/P5/Certificate/Characters/Twin1/CharComplete/Chunk05.lean
LeanDring/Basic/P5CharComplete3f.lean	LeanDring/P5/Certificate/Characters/Twin1/CharComplete/Chunk06.lean
LeanDring/Basic/P5CharComplete3g.lean	LeanDring/P5/Certificate/Characters/Twin1/CharComplete/Chunk07.lean
LeanDring/Basic/P5CharComplete3h.lean	LeanDring/P5/Certificate/Characters/Twin1/CharComplete/Chunk08.lean
LeanDring/Basic/P5CharComplete4.lean	LeanDring/P5/Certificate/Characters/Twin1/CharCompleteFinal.lean
LeanDring/Basic/P5CharCount.lean	LeanDring/P5/Certificate/Characters/Twin1/CharCount.lean
LeanDring/Basic/P5CharCount2.lean	LeanDring/P5/Certificate/Characters/Twin2/CharCount.lean
LeanDring/Basic/P5CharData.lean	LeanDring/P5/Certificate/Characters/Twin1/CharData.lean
LeanDring/Basic/P5CharData2.lean	LeanDring/P5/Certificate/Characters/Twin2/CharData.lean
LeanDring/Basic/P5CharExhaust.lean	LeanDring/P5/Certificate/Characters/Twin1/CharExhaust.lean
LeanDring/Basic/P5CharExhaust2.lean	LeanDring/P5/Certificate/Characters/Twin2/CharExhaust.lean
LeanDring/Basic/P5CharExp.lean	LeanDring/P5/Certificate/Characters/Twin1/CharExp.lean
LeanDring/Basic/P5CharExp2.lean	LeanDring/P5/Certificate/Characters/Twin2/CharExp.lean
LeanDring/Basic/P5CharExtend.lean	LeanDring/P5/Certificate/Characters/Twin1/CharExtend.lean
LeanDring/Basic/P5CharExtend2.lean	LeanDring/P5/Certificate/Characters/Twin2/CharExtend.lean
LeanDring/Basic/P5CharNodup.lean	LeanDring/P5/Certificate/Characters/Twin1/CharNodup.lean
LeanDring/Basic/P5CharNodup2.lean	LeanDring/P5/Certificate/Characters/Twin2/CharNodup.lean
LeanDring/Basic/P5CharRows0.lean	LeanDring/P5/Certificate/Characters/Twin1/CharRows/Chunk01.lean
LeanDring/Basic/P5CharRows1.lean	LeanDring/P5/Certificate/Characters/Twin1/CharRows/Chunk02.lean
LeanDring/Basic/P5CharRows2.lean	LeanDring/P5/Certificate/Characters/Twin1/CharRows/Chunk03.lean
LeanDring/Basic/P5CharRows2a.lean	LeanDring/P5/Certificate/Characters/Twin2/CharRows/Chunk01.lean
LeanDring/Basic/P5CharRows2b.lean	LeanDring/P5/Certificate/Characters/Twin2/CharRows/Chunk02.lean
LeanDring/Basic/P5CharRows2c.lean	LeanDring/P5/Certificate/Characters/Twin2/CharRows/Chunk03.lean
LeanDring/Basic/P5CharRows2d.lean	LeanDring/P5/Certificate/Characters/Twin2/CharRows/Chunk04.lean
LeanDring/Basic/P5CharRows2e.lean	LeanDring/P5/Certificate/Characters/Twin2/CharRows/Chunk05.lean
LeanDring/Basic/P5CharRows2f.lean	LeanDring/P5/Certificate/Characters/Twin2/CharRows/Chunk06.lean
LeanDring/Basic/P5CharRows2g.lean	LeanDring/P5/Certificate/Characters/Twin2/CharRows/Chunk07.lean
LeanDring/Basic/P5CharRows2h.lean	LeanDring/P5/Certificate/Characters/Twin2/CharRows/Chunk08.lean
LeanDring/Basic/P5CharRows3.lean	LeanDring/P5/Certificate/Characters/Twin1/CharRows/Chunk04.lean
LeanDring/Basic/P5CharValid.lean	LeanDring/P5/Certificate/Characters/Twin1/CharValid.lean
LeanDring/Basic/P5CharValid2.lean	LeanDring/P5/Certificate/Characters/Twin2/CharValid.lean
LeanDring/Basic/P5CharVecLen.lean	LeanDring/P5/Certificate/Characters/Twin1/CharVecLen.lean
LeanDring/Basic/P5CharVecLen2.lean	LeanDring/P5/Certificate/Characters/Twin2/CharVecLen.lean
LeanDring/Basic/P5ColCert.lean	LeanDring/P5/Certificate/SpeciesTable/Twin1/ColCert.lean
LeanDring/Basic/P5ColDataCdd0.lean	LeanDring/P5/Data/ColCdd/C001.lean
LeanDring/Basic/P5ColDataCdd1.lean	LeanDring/P5/Data/ColCdd/C002.lean
LeanDring/Basic/P5ColDataCdd10.lean	LeanDring/P5/Data/ColCdd/C011.lean
LeanDring/Basic/P5ColDataCdd11.lean	LeanDring/P5/Data/ColCdd/C012.lean
LeanDring/Basic/P5ColDataCdd12.lean	LeanDring/P5/Data/ColCdd/C013.lean
LeanDring/Basic/P5ColDataCdd13.lean	LeanDring/P5/Data/ColCdd/C014.lean
LeanDring/Basic/P5ColDataCdd14.lean	LeanDring/P5/Data/ColCdd/C015.lean
LeanDring/Basic/P5ColDataCdd15.lean	LeanDring/P5/Data/ColCdd/C016.lean
LeanDring/Basic/P5ColDataCdd16.lean	LeanDring/P5/Data/ColCdd/C017.lean
LeanDring/Basic/P5ColDataCdd17.lean	LeanDring/P5/Data/ColCdd/C018.lean
LeanDring/Basic/P5ColDataCdd18.lean	LeanDring/P5/Data/ColCdd/C019.lean
LeanDring/Basic/P5ColDataCdd19.lean	LeanDring/P5/Data/ColCdd/C020.lean
LeanDring/Basic/P5ColDataCdd2.lean	LeanDring/P5/Data/ColCdd/C003.lean
LeanDring/Basic/P5ColDataCdd20.lean	LeanDring/P5/Data/ColCdd/C021.lean
LeanDring/Basic/P5ColDataCdd21.lean	LeanDring/P5/Data/ColCdd/C022.lean
LeanDring/Basic/P5ColDataCdd22.lean	LeanDring/P5/Data/ColCdd/C023.lean
LeanDring/Basic/P5ColDataCdd23.lean	LeanDring/P5/Data/ColCdd/C024.lean
LeanDring/Basic/P5ColDataCdd24.lean	LeanDring/P5/Data/ColCdd/C025.lean
LeanDring/Basic/P5ColDataCdd25.lean	LeanDring/P5/Data/ColCdd/C026.lean
LeanDring/Basic/P5ColDataCdd26.lean	LeanDring/P5/Data/ColCdd/C027.lean
LeanDring/Basic/P5ColDataCdd27.lean	LeanDring/P5/Data/ColCdd/C028.lean
LeanDring/Basic/P5ColDataCdd28.lean	LeanDring/P5/Data/ColCdd/C029.lean
LeanDring/Basic/P5ColDataCdd29.lean	LeanDring/P5/Data/ColCdd/C030.lean
LeanDring/Basic/P5ColDataCdd3.lean	LeanDring/P5/Data/ColCdd/C004.lean
LeanDring/Basic/P5ColDataCdd30.lean	LeanDring/P5/Data/ColCdd/C031.lean
LeanDring/Basic/P5ColDataCdd31.lean	LeanDring/P5/Data/ColCdd/C032.lean
LeanDring/Basic/P5ColDataCdd32.lean	LeanDring/P5/Data/ColCdd/C033.lean
LeanDring/Basic/P5ColDataCdd33.lean	LeanDring/P5/Data/ColCdd/C034.lean
LeanDring/Basic/P5ColDataCdd34.lean	LeanDring/P5/Data/ColCdd/C035.lean
LeanDring/Basic/P5ColDataCdd35.lean	LeanDring/P5/Data/ColCdd/C036.lean
LeanDring/Basic/P5ColDataCdd36.lean	LeanDring/P5/Data/ColCdd/C037.lean
LeanDring/Basic/P5ColDataCdd37.lean	LeanDring/P5/Data/ColCdd/C038.lean
LeanDring/Basic/P5ColDataCdd38.lean	LeanDring/P5/Data/ColCdd/C039.lean
LeanDring/Basic/P5ColDataCdd39.lean	LeanDring/P5/Data/ColCdd/C040.lean
LeanDring/Basic/P5ColDataCdd4.lean	LeanDring/P5/Data/ColCdd/C005.lean
LeanDring/Basic/P5ColDataCdd40.lean	LeanDring/P5/Data/ColCdd/C041.lean
LeanDring/Basic/P5ColDataCdd5.lean	LeanDring/P5/Data/ColCdd/C006.lean
LeanDring/Basic/P5ColDataCdd6.lean	LeanDring/P5/Data/ColCdd/C007.lean
LeanDring/Basic/P5ColDataCdd7.lean	LeanDring/P5/Data/ColCdd/C008.lean
LeanDring/Basic/P5ColDataCdd8.lean	LeanDring/P5/Data/ColCdd/C009.lean
LeanDring/Basic/P5ColDataCdd9.lean	LeanDring/P5/Data/ColCdd/C010.lean
LeanDring/Basic/P5ColDataGap.lean	LeanDring/P5/Certificate/SpeciesTable/Twin1/ColDataGap.lean
LeanDring/Basic/P5ColDataRestCheap0.lean	LeanDring/P5/Data/ColRestCheap/C001.lean
LeanDring/Basic/P5ColDataRestCheap1.lean	LeanDring/P5/Data/ColRestCheap/C002.lean
LeanDring/Basic/P5ColDataRestCheap10.lean	LeanDring/P5/Data/ColRestCheap/C011.lean
LeanDring/Basic/P5ColDataRestCheap100.lean	LeanDring/P5/Data/ColRestCheap/C101.lean
LeanDring/Basic/P5ColDataRestCheap101.lean	LeanDring/P5/Data/ColRestCheap/C102.lean
LeanDring/Basic/P5ColDataRestCheap102.lean	LeanDring/P5/Data/ColRestCheap/C103.lean
LeanDring/Basic/P5ColDataRestCheap103.lean	LeanDring/P5/Data/ColRestCheap/C104.lean
LeanDring/Basic/P5ColDataRestCheap104.lean	LeanDring/P5/Data/ColRestCheap/C105.lean
LeanDring/Basic/P5ColDataRestCheap105.lean	LeanDring/P5/Data/ColRestCheap/C106.lean
LeanDring/Basic/P5ColDataRestCheap106.lean	LeanDring/P5/Data/ColRestCheap/C107.lean
LeanDring/Basic/P5ColDataRestCheap107.lean	LeanDring/P5/Data/ColRestCheap/C108.lean
LeanDring/Basic/P5ColDataRestCheap108.lean	LeanDring/P5/Data/ColRestCheap/C109.lean
LeanDring/Basic/P5ColDataRestCheap109.lean	LeanDring/P5/Data/ColRestCheap/C110.lean
LeanDring/Basic/P5ColDataRestCheap11.lean	LeanDring/P5/Data/ColRestCheap/C012.lean
LeanDring/Basic/P5ColDataRestCheap110.lean	LeanDring/P5/Data/ColRestCheap/C111.lean
LeanDring/Basic/P5ColDataRestCheap111.lean	LeanDring/P5/Data/ColRestCheap/C112.lean
LeanDring/Basic/P5ColDataRestCheap112.lean	LeanDring/P5/Data/ColRestCheap/C113.lean
LeanDring/Basic/P5ColDataRestCheap113.lean	LeanDring/P5/Data/ColRestCheap/C114.lean
LeanDring/Basic/P5ColDataRestCheap114.lean	LeanDring/P5/Data/ColRestCheap/C115.lean
LeanDring/Basic/P5ColDataRestCheap115.lean	LeanDring/P5/Data/ColRestCheap/C116.lean
LeanDring/Basic/P5ColDataRestCheap116.lean	LeanDring/P5/Data/ColRestCheap/C117.lean
LeanDring/Basic/P5ColDataRestCheap117.lean	LeanDring/P5/Data/ColRestCheap/C118.lean
LeanDring/Basic/P5ColDataRestCheap118.lean	LeanDring/P5/Data/ColRestCheap/C119.lean
LeanDring/Basic/P5ColDataRestCheap119.lean	LeanDring/P5/Data/ColRestCheap/C120.lean
LeanDring/Basic/P5ColDataRestCheap12.lean	LeanDring/P5/Data/ColRestCheap/C013.lean
LeanDring/Basic/P5ColDataRestCheap120.lean	LeanDring/P5/Data/ColRestCheap/C121.lean
LeanDring/Basic/P5ColDataRestCheap121.lean	LeanDring/P5/Data/ColRestCheap/C122.lean
LeanDring/Basic/P5ColDataRestCheap122.lean	LeanDring/P5/Data/ColRestCheap/C123.lean
LeanDring/Basic/P5ColDataRestCheap123.lean	LeanDring/P5/Data/ColRestCheap/C124.lean
LeanDring/Basic/P5ColDataRestCheap124.lean	LeanDring/P5/Data/ColRestCheap/C125.lean
LeanDring/Basic/P5ColDataRestCheap125.lean	LeanDring/P5/Data/ColRestCheap/C126.lean
LeanDring/Basic/P5ColDataRestCheap126.lean	LeanDring/P5/Data/ColRestCheap/C127.lean
LeanDring/Basic/P5ColDataRestCheap127.lean	LeanDring/P5/Data/ColRestCheap/C128.lean
LeanDring/Basic/P5ColDataRestCheap128.lean	LeanDring/P5/Data/ColRestCheap/C129.lean
LeanDring/Basic/P5ColDataRestCheap129.lean	LeanDring/P5/Data/ColRestCheap/C130.lean
LeanDring/Basic/P5ColDataRestCheap13.lean	LeanDring/P5/Data/ColRestCheap/C014.lean
LeanDring/Basic/P5ColDataRestCheap130.lean	LeanDring/P5/Data/ColRestCheap/C131.lean
LeanDring/Basic/P5ColDataRestCheap131.lean	LeanDring/P5/Data/ColRestCheap/C132.lean
LeanDring/Basic/P5ColDataRestCheap132.lean	LeanDring/P5/Data/ColRestCheap/C133.lean
LeanDring/Basic/P5ColDataRestCheap133.lean	LeanDring/P5/Data/ColRestCheap/C134.lean
LeanDring/Basic/P5ColDataRestCheap134.lean	LeanDring/P5/Data/ColRestCheap/C135.lean
LeanDring/Basic/P5ColDataRestCheap135.lean	LeanDring/P5/Data/ColRestCheap/C136.lean
LeanDring/Basic/P5ColDataRestCheap136.lean	LeanDring/P5/Data/ColRestCheap/C137.lean
LeanDring/Basic/P5ColDataRestCheap137.lean	LeanDring/P5/Data/ColRestCheap/C138.lean
LeanDring/Basic/P5ColDataRestCheap138.lean	LeanDring/P5/Data/ColRestCheap/C139.lean
LeanDring/Basic/P5ColDataRestCheap139.lean	LeanDring/P5/Data/ColRestCheap/C140.lean
LeanDring/Basic/P5ColDataRestCheap14.lean	LeanDring/P5/Data/ColRestCheap/C015.lean
LeanDring/Basic/P5ColDataRestCheap140.lean	LeanDring/P5/Data/ColRestCheap/C141.lean
LeanDring/Basic/P5ColDataRestCheap141.lean	LeanDring/P5/Data/ColRestCheap/C142.lean
LeanDring/Basic/P5ColDataRestCheap142.lean	LeanDring/P5/Data/ColRestCheap/C143.lean
LeanDring/Basic/P5ColDataRestCheap143.lean	LeanDring/P5/Data/ColRestCheap/C144.lean
LeanDring/Basic/P5ColDataRestCheap144.lean	LeanDring/P5/Data/ColRestCheap/C145.lean
LeanDring/Basic/P5ColDataRestCheap145.lean	LeanDring/P5/Data/ColRestCheap/C146.lean
LeanDring/Basic/P5ColDataRestCheap146.lean	LeanDring/P5/Data/ColRestCheap/C147.lean
LeanDring/Basic/P5ColDataRestCheap147.lean	LeanDring/P5/Data/ColRestCheap/C148.lean
LeanDring/Basic/P5ColDataRestCheap148.lean	LeanDring/P5/Data/ColRestCheap/C149.lean
LeanDring/Basic/P5ColDataRestCheap149.lean	LeanDring/P5/Data/ColRestCheap/C150.lean
LeanDring/Basic/P5ColDataRestCheap15.lean	LeanDring/P5/Data/ColRestCheap/C016.lean
LeanDring/Basic/P5ColDataRestCheap150.lean	LeanDring/P5/Data/ColRestCheap/C151.lean
LeanDring/Basic/P5ColDataRestCheap151.lean	LeanDring/P5/Data/ColRestCheap/C152.lean
LeanDring/Basic/P5ColDataRestCheap152.lean	LeanDring/P5/Data/ColRestCheap/C153.lean
LeanDring/Basic/P5ColDataRestCheap153.lean	LeanDring/P5/Data/ColRestCheap/C154.lean
LeanDring/Basic/P5ColDataRestCheap154.lean	LeanDring/P5/Data/ColRestCheap/C155.lean
LeanDring/Basic/P5ColDataRestCheap155.lean	LeanDring/P5/Data/ColRestCheap/C156.lean
LeanDring/Basic/P5ColDataRestCheap156.lean	LeanDring/P5/Data/ColRestCheap/C157.lean
LeanDring/Basic/P5ColDataRestCheap157.lean	LeanDring/P5/Data/ColRestCheap/C158.lean
LeanDring/Basic/P5ColDataRestCheap158.lean	LeanDring/P5/Data/ColRestCheap/C159.lean
LeanDring/Basic/P5ColDataRestCheap159.lean	LeanDring/P5/Data/ColRestCheap/C160.lean
LeanDring/Basic/P5ColDataRestCheap16.lean	LeanDring/P5/Data/ColRestCheap/C017.lean
LeanDring/Basic/P5ColDataRestCheap160.lean	LeanDring/P5/Data/ColRestCheap/C161.lean
LeanDring/Basic/P5ColDataRestCheap161.lean	LeanDring/P5/Data/ColRestCheap/C162.lean
LeanDring/Basic/P5ColDataRestCheap162.lean	LeanDring/P5/Data/ColRestCheap/C163.lean
LeanDring/Basic/P5ColDataRestCheap163.lean	LeanDring/P5/Data/ColRestCheap/C164.lean
LeanDring/Basic/P5ColDataRestCheap164.lean	LeanDring/P5/Data/ColRestCheap/C165.lean
LeanDring/Basic/P5ColDataRestCheap165.lean	LeanDring/P5/Data/ColRestCheap/C166.lean
LeanDring/Basic/P5ColDataRestCheap166.lean	LeanDring/P5/Data/ColRestCheap/C167.lean
LeanDring/Basic/P5ColDataRestCheap167.lean	LeanDring/P5/Data/ColRestCheap/C168.lean
LeanDring/Basic/P5ColDataRestCheap168.lean	LeanDring/P5/Data/ColRestCheap/C169.lean
LeanDring/Basic/P5ColDataRestCheap169.lean	LeanDring/P5/Data/ColRestCheap/C170.lean
LeanDring/Basic/P5ColDataRestCheap17.lean	LeanDring/P5/Data/ColRestCheap/C018.lean
LeanDring/Basic/P5ColDataRestCheap170.lean	LeanDring/P5/Data/ColRestCheap/C171.lean
LeanDring/Basic/P5ColDataRestCheap171.lean	LeanDring/P5/Data/ColRestCheap/C172.lean
LeanDring/Basic/P5ColDataRestCheap172.lean	LeanDring/P5/Data/ColRestCheap/C173.lean
LeanDring/Basic/P5ColDataRestCheap173.lean	LeanDring/P5/Data/ColRestCheap/C174.lean
LeanDring/Basic/P5ColDataRestCheap174.lean	LeanDring/P5/Data/ColRestCheap/C175.lean
LeanDring/Basic/P5ColDataRestCheap175.lean	LeanDring/P5/Data/ColRestCheap/C176.lean
LeanDring/Basic/P5ColDataRestCheap176.lean	LeanDring/P5/Data/ColRestCheap/C177.lean
LeanDring/Basic/P5ColDataRestCheap177.lean	LeanDring/P5/Data/ColRestCheap/C178.lean
LeanDring/Basic/P5ColDataRestCheap178.lean	LeanDring/P5/Data/ColRestCheap/C179.lean
LeanDring/Basic/P5ColDataRestCheap179.lean	LeanDring/P5/Data/ColRestCheap/C180.lean
LeanDring/Basic/P5ColDataRestCheap18.lean	LeanDring/P5/Data/ColRestCheap/C019.lean
LeanDring/Basic/P5ColDataRestCheap180.lean	LeanDring/P5/Data/ColRestCheap/C181.lean
LeanDring/Basic/P5ColDataRestCheap181.lean	LeanDring/P5/Data/ColRestCheap/C182.lean
LeanDring/Basic/P5ColDataRestCheap182.lean	LeanDring/P5/Data/ColRestCheap/C183.lean
LeanDring/Basic/P5ColDataRestCheap183.lean	LeanDring/P5/Data/ColRestCheap/C184.lean
LeanDring/Basic/P5ColDataRestCheap184.lean	LeanDring/P5/Data/ColRestCheap/C185.lean
LeanDring/Basic/P5ColDataRestCheap185.lean	LeanDring/P5/Data/ColRestCheap/C186.lean
LeanDring/Basic/P5ColDataRestCheap186.lean	LeanDring/P5/Data/ColRestCheap/C187.lean
LeanDring/Basic/P5ColDataRestCheap187.lean	LeanDring/P5/Data/ColRestCheap/C188.lean
LeanDring/Basic/P5ColDataRestCheap188.lean	LeanDring/P5/Data/ColRestCheap/C189.lean
LeanDring/Basic/P5ColDataRestCheap189.lean	LeanDring/P5/Data/ColRestCheap/C190.lean
LeanDring/Basic/P5ColDataRestCheap19.lean	LeanDring/P5/Data/ColRestCheap/C020.lean
LeanDring/Basic/P5ColDataRestCheap190.lean	LeanDring/P5/Data/ColRestCheap/C191.lean
LeanDring/Basic/P5ColDataRestCheap191.lean	LeanDring/P5/Data/ColRestCheap/C192.lean
LeanDring/Basic/P5ColDataRestCheap192.lean	LeanDring/P5/Data/ColRestCheap/C193.lean
LeanDring/Basic/P5ColDataRestCheap193.lean	LeanDring/P5/Data/ColRestCheap/C194.lean
LeanDring/Basic/P5ColDataRestCheap194.lean	LeanDring/P5/Data/ColRestCheap/C195.lean
LeanDring/Basic/P5ColDataRestCheap195.lean	LeanDring/P5/Data/ColRestCheap/C196.lean
LeanDring/Basic/P5ColDataRestCheap196.lean	LeanDring/P5/Data/ColRestCheap/C197.lean
LeanDring/Basic/P5ColDataRestCheap2.lean	LeanDring/P5/Data/ColRestCheap/C003.lean
LeanDring/Basic/P5ColDataRestCheap20.lean	LeanDring/P5/Data/ColRestCheap/C021.lean
LeanDring/Basic/P5ColDataRestCheap21.lean	LeanDring/P5/Data/ColRestCheap/C022.lean
LeanDring/Basic/P5ColDataRestCheap22.lean	LeanDring/P5/Data/ColRestCheap/C023.lean
LeanDring/Basic/P5ColDataRestCheap23.lean	LeanDring/P5/Data/ColRestCheap/C024.lean
LeanDring/Basic/P5ColDataRestCheap24.lean	LeanDring/P5/Data/ColRestCheap/C025.lean
LeanDring/Basic/P5ColDataRestCheap25.lean	LeanDring/P5/Data/ColRestCheap/C026.lean
LeanDring/Basic/P5ColDataRestCheap26.lean	LeanDring/P5/Data/ColRestCheap/C027.lean
LeanDring/Basic/P5ColDataRestCheap27.lean	LeanDring/P5/Data/ColRestCheap/C028.lean
LeanDring/Basic/P5ColDataRestCheap28.lean	LeanDring/P5/Data/ColRestCheap/C029.lean
LeanDring/Basic/P5ColDataRestCheap29.lean	LeanDring/P5/Data/ColRestCheap/C030.lean
LeanDring/Basic/P5ColDataRestCheap3.lean	LeanDring/P5/Data/ColRestCheap/C004.lean
LeanDring/Basic/P5ColDataRestCheap30.lean	LeanDring/P5/Data/ColRestCheap/C031.lean
LeanDring/Basic/P5ColDataRestCheap31.lean	LeanDring/P5/Data/ColRestCheap/C032.lean
LeanDring/Basic/P5ColDataRestCheap32.lean	LeanDring/P5/Data/ColRestCheap/C033.lean
LeanDring/Basic/P5ColDataRestCheap33.lean	LeanDring/P5/Data/ColRestCheap/C034.lean
LeanDring/Basic/P5ColDataRestCheap34.lean	LeanDring/P5/Data/ColRestCheap/C035.lean
LeanDring/Basic/P5ColDataRestCheap35.lean	LeanDring/P5/Data/ColRestCheap/C036.lean
LeanDring/Basic/P5ColDataRestCheap36.lean	LeanDring/P5/Data/ColRestCheap/C037.lean
LeanDring/Basic/P5ColDataRestCheap37.lean	LeanDring/P5/Data/ColRestCheap/C038.lean
LeanDring/Basic/P5ColDataRestCheap38.lean	LeanDring/P5/Data/ColRestCheap/C039.lean
LeanDring/Basic/P5ColDataRestCheap39.lean	LeanDring/P5/Data/ColRestCheap/C040.lean
LeanDring/Basic/P5ColDataRestCheap4.lean	LeanDring/P5/Data/ColRestCheap/C005.lean
LeanDring/Basic/P5ColDataRestCheap40.lean	LeanDring/P5/Data/ColRestCheap/C041.lean
LeanDring/Basic/P5ColDataRestCheap41.lean	LeanDring/P5/Data/ColRestCheap/C042.lean
LeanDring/Basic/P5ColDataRestCheap42.lean	LeanDring/P5/Data/ColRestCheap/C043.lean
LeanDring/Basic/P5ColDataRestCheap43.lean	LeanDring/P5/Data/ColRestCheap/C044.lean
LeanDring/Basic/P5ColDataRestCheap44.lean	LeanDring/P5/Data/ColRestCheap/C045.lean
LeanDring/Basic/P5ColDataRestCheap45.lean	LeanDring/P5/Data/ColRestCheap/C046.lean
LeanDring/Basic/P5ColDataRestCheap46.lean	LeanDring/P5/Data/ColRestCheap/C047.lean
LeanDring/Basic/P5ColDataRestCheap47.lean	LeanDring/P5/Data/ColRestCheap/C048.lean
LeanDring/Basic/P5ColDataRestCheap48.lean	LeanDring/P5/Data/ColRestCheap/C049.lean
LeanDring/Basic/P5ColDataRestCheap49.lean	LeanDring/P5/Data/ColRestCheap/C050.lean
LeanDring/Basic/P5ColDataRestCheap5.lean	LeanDring/P5/Data/ColRestCheap/C006.lean
LeanDring/Basic/P5ColDataRestCheap50.lean	LeanDring/P5/Data/ColRestCheap/C051.lean
LeanDring/Basic/P5ColDataRestCheap51.lean	LeanDring/P5/Data/ColRestCheap/C052.lean
LeanDring/Basic/P5ColDataRestCheap52.lean	LeanDring/P5/Data/ColRestCheap/C053.lean
LeanDring/Basic/P5ColDataRestCheap53.lean	LeanDring/P5/Data/ColRestCheap/C054.lean
LeanDring/Basic/P5ColDataRestCheap54.lean	LeanDring/P5/Data/ColRestCheap/C055.lean
LeanDring/Basic/P5ColDataRestCheap55.lean	LeanDring/P5/Data/ColRestCheap/C056.lean
LeanDring/Basic/P5ColDataRestCheap56.lean	LeanDring/P5/Data/ColRestCheap/C057.lean
LeanDring/Basic/P5ColDataRestCheap57.lean	LeanDring/P5/Data/ColRestCheap/C058.lean
LeanDring/Basic/P5ColDataRestCheap58.lean	LeanDring/P5/Data/ColRestCheap/C059.lean
LeanDring/Basic/P5ColDataRestCheap59.lean	LeanDring/P5/Data/ColRestCheap/C060.lean
LeanDring/Basic/P5ColDataRestCheap6.lean	LeanDring/P5/Data/ColRestCheap/C007.lean
LeanDring/Basic/P5ColDataRestCheap60.lean	LeanDring/P5/Data/ColRestCheap/C061.lean
LeanDring/Basic/P5ColDataRestCheap61.lean	LeanDring/P5/Data/ColRestCheap/C062.lean
LeanDring/Basic/P5ColDataRestCheap62.lean	LeanDring/P5/Data/ColRestCheap/C063.lean
LeanDring/Basic/P5ColDataRestCheap63.lean	LeanDring/P5/Data/ColRestCheap/C064.lean
LeanDring/Basic/P5ColDataRestCheap64.lean	LeanDring/P5/Data/ColRestCheap/C065.lean
LeanDring/Basic/P5ColDataRestCheap65.lean	LeanDring/P5/Data/ColRestCheap/C066.lean
LeanDring/Basic/P5ColDataRestCheap66.lean	LeanDring/P5/Data/ColRestCheap/C067.lean
LeanDring/Basic/P5ColDataRestCheap67.lean	LeanDring/P5/Data/ColRestCheap/C068.lean
LeanDring/Basic/P5ColDataRestCheap68.lean	LeanDring/P5/Data/ColRestCheap/C069.lean
LeanDring/Basic/P5ColDataRestCheap69.lean	LeanDring/P5/Data/ColRestCheap/C070.lean
LeanDring/Basic/P5ColDataRestCheap7.lean	LeanDring/P5/Data/ColRestCheap/C008.lean
LeanDring/Basic/P5ColDataRestCheap70.lean	LeanDring/P5/Data/ColRestCheap/C071.lean
LeanDring/Basic/P5ColDataRestCheap71.lean	LeanDring/P5/Data/ColRestCheap/C072.lean
LeanDring/Basic/P5ColDataRestCheap72.lean	LeanDring/P5/Data/ColRestCheap/C073.lean
LeanDring/Basic/P5ColDataRestCheap73.lean	LeanDring/P5/Data/ColRestCheap/C074.lean
LeanDring/Basic/P5ColDataRestCheap74.lean	LeanDring/P5/Data/ColRestCheap/C075.lean
LeanDring/Basic/P5ColDataRestCheap75.lean	LeanDring/P5/Data/ColRestCheap/C076.lean
LeanDring/Basic/P5ColDataRestCheap76.lean	LeanDring/P5/Data/ColRestCheap/C077.lean
LeanDring/Basic/P5ColDataRestCheap77.lean	LeanDring/P5/Data/ColRestCheap/C078.lean
LeanDring/Basic/P5ColDataRestCheap78.lean	LeanDring/P5/Data/ColRestCheap/C079.lean
LeanDring/Basic/P5ColDataRestCheap79.lean	LeanDring/P5/Data/ColRestCheap/C080.lean
LeanDring/Basic/P5ColDataRestCheap8.lean	LeanDring/P5/Data/ColRestCheap/C009.lean
LeanDring/Basic/P5ColDataRestCheap80.lean	LeanDring/P5/Data/ColRestCheap/C081.lean
LeanDring/Basic/P5ColDataRestCheap81.lean	LeanDring/P5/Data/ColRestCheap/C082.lean
LeanDring/Basic/P5ColDataRestCheap82.lean	LeanDring/P5/Data/ColRestCheap/C083.lean
LeanDring/Basic/P5ColDataRestCheap83.lean	LeanDring/P5/Data/ColRestCheap/C084.lean
LeanDring/Basic/P5ColDataRestCheap84.lean	LeanDring/P5/Data/ColRestCheap/C085.lean
LeanDring/Basic/P5ColDataRestCheap85.lean	LeanDring/P5/Data/ColRestCheap/C086.lean
LeanDring/Basic/P5ColDataRestCheap86.lean	LeanDring/P5/Data/ColRestCheap/C087.lean
LeanDring/Basic/P5ColDataRestCheap87.lean	LeanDring/P5/Data/ColRestCheap/C088.lean
LeanDring/Basic/P5ColDataRestCheap88.lean	LeanDring/P5/Data/ColRestCheap/C089.lean
LeanDring/Basic/P5ColDataRestCheap89.lean	LeanDring/P5/Data/ColRestCheap/C090.lean
LeanDring/Basic/P5ColDataRestCheap9.lean	LeanDring/P5/Data/ColRestCheap/C010.lean
LeanDring/Basic/P5ColDataRestCheap90.lean	LeanDring/P5/Data/ColRestCheap/C091.lean
LeanDring/Basic/P5ColDataRestCheap91.lean	LeanDring/P5/Data/ColRestCheap/C092.lean
LeanDring/Basic/P5ColDataRestCheap92.lean	LeanDring/P5/Data/ColRestCheap/C093.lean
LeanDring/Basic/P5ColDataRestCheap93.lean	LeanDring/P5/Data/ColRestCheap/C094.lean
LeanDring/Basic/P5ColDataRestCheap94.lean	LeanDring/P5/Data/ColRestCheap/C095.lean
LeanDring/Basic/P5ColDataRestCheap95.lean	LeanDring/P5/Data/ColRestCheap/C096.lean
LeanDring/Basic/P5ColDataRestCheap96.lean	LeanDring/P5/Data/ColRestCheap/C097.lean
LeanDring/Basic/P5ColDataRestCheap97.lean	LeanDring/P5/Data/ColRestCheap/C098.lean
LeanDring/Basic/P5ColDataRestCheap98.lean	LeanDring/P5/Data/ColRestCheap/C099.lean
LeanDring/Basic/P5ColDataRestCheap99.lean	LeanDring/P5/Data/ColRestCheap/C100.lean
LeanDring/Basic/P5ColDataRestHeavy0.lean	LeanDring/P5/Data/ColRestHeavy/C001.lean
LeanDring/Basic/P5ColDataRestHeavy1.lean	LeanDring/P5/Data/ColRestHeavy/C002.lean
LeanDring/Basic/P5ColDataRestHeavy10.lean	LeanDring/P5/Data/ColRestHeavy/C011.lean
LeanDring/Basic/P5ColDataRestHeavy11.lean	LeanDring/P5/Data/ColRestHeavy/C012.lean
LeanDring/Basic/P5ColDataRestHeavy12.lean	LeanDring/P5/Data/ColRestHeavy/C013.lean
LeanDring/Basic/P5ColDataRestHeavy13.lean	LeanDring/P5/Data/ColRestHeavy/C014.lean
LeanDring/Basic/P5ColDataRestHeavy14.lean	LeanDring/P5/Data/ColRestHeavy/C015.lean
LeanDring/Basic/P5ColDataRestHeavy15.lean	LeanDring/P5/Data/ColRestHeavy/C016.lean
LeanDring/Basic/P5ColDataRestHeavy16.lean	LeanDring/P5/Data/ColRestHeavy/C017.lean
LeanDring/Basic/P5ColDataRestHeavy17.lean	LeanDring/P5/Data/ColRestHeavy/C018.lean
LeanDring/Basic/P5ColDataRestHeavy18.lean	LeanDring/P5/Data/ColRestHeavy/C019.lean
LeanDring/Basic/P5ColDataRestHeavy19.lean	LeanDring/P5/Data/ColRestHeavy/C020.lean
LeanDring/Basic/P5ColDataRestHeavy2.lean	LeanDring/P5/Data/ColRestHeavy/C003.lean
LeanDring/Basic/P5ColDataRestHeavy20.lean	LeanDring/P5/Data/ColRestHeavy/C021.lean
LeanDring/Basic/P5ColDataRestHeavy21.lean	LeanDring/P5/Data/ColRestHeavy/C022.lean
LeanDring/Basic/P5ColDataRestHeavy22.lean	LeanDring/P5/Data/ColRestHeavy/C023.lean
LeanDring/Basic/P5ColDataRestHeavy23.lean	LeanDring/P5/Data/ColRestHeavy/C024.lean
LeanDring/Basic/P5ColDataRestHeavy24.lean	LeanDring/P5/Data/ColRestHeavy/C025.lean
LeanDring/Basic/P5ColDataRestHeavy25.lean	LeanDring/P5/Data/ColRestHeavy/C026.lean
LeanDring/Basic/P5ColDataRestHeavy26.lean	LeanDring/P5/Data/ColRestHeavy/C027.lean
LeanDring/Basic/P5ColDataRestHeavy27.lean	LeanDring/P5/Data/ColRestHeavy/C028.lean
LeanDring/Basic/P5ColDataRestHeavy28.lean	LeanDring/P5/Data/ColRestHeavy/C029.lean
LeanDring/Basic/P5ColDataRestHeavy29.lean	LeanDring/P5/Data/ColRestHeavy/C030.lean
LeanDring/Basic/P5ColDataRestHeavy3.lean	LeanDring/P5/Data/ColRestHeavy/C004.lean
LeanDring/Basic/P5ColDataRestHeavy30.lean	LeanDring/P5/Data/ColRestHeavy/C031.lean
LeanDring/Basic/P5ColDataRestHeavy31.lean	LeanDring/P5/Data/ColRestHeavy/C032.lean
LeanDring/Basic/P5ColDataRestHeavy32.lean	LeanDring/P5/Data/ColRestHeavy/C033.lean
LeanDring/Basic/P5ColDataRestHeavy33.lean	LeanDring/P5/Data/ColRestHeavy/C034.lean
LeanDring/Basic/P5ColDataRestHeavy34.lean	LeanDring/P5/Data/ColRestHeavy/C035.lean
LeanDring/Basic/P5ColDataRestHeavy35.lean	LeanDring/P5/Data/ColRestHeavy/C036.lean
LeanDring/Basic/P5ColDataRestHeavy36.lean	LeanDring/P5/Data/ColRestHeavy/C037.lean
LeanDring/Basic/P5ColDataRestHeavy37.lean	LeanDring/P5/Data/ColRestHeavy/C038.lean
LeanDring/Basic/P5ColDataRestHeavy38.lean	LeanDring/P5/Data/ColRestHeavy/C039.lean
LeanDring/Basic/P5ColDataRestHeavy39.lean	LeanDring/P5/Data/ColRestHeavy/C040.lean
LeanDring/Basic/P5ColDataRestHeavy4.lean	LeanDring/P5/Data/ColRestHeavy/C005.lean
LeanDring/Basic/P5ColDataRestHeavy40.lean	LeanDring/P5/Data/ColRestHeavy/C041.lean
LeanDring/Basic/P5ColDataRestHeavy41.lean	LeanDring/P5/Data/ColRestHeavy/C042.lean
LeanDring/Basic/P5ColDataRestHeavy42.lean	LeanDring/P5/Data/ColRestHeavy/C043.lean
LeanDring/Basic/P5ColDataRestHeavy5.lean	LeanDring/P5/Data/ColRestHeavy/C006.lean
LeanDring/Basic/P5ColDataRestHeavy6.lean	LeanDring/P5/Data/ColRestHeavy/C007.lean
LeanDring/Basic/P5ColDataRestHeavy7.lean	LeanDring/P5/Data/ColRestHeavy/C008.lean
LeanDring/Basic/P5ColDataRestHeavy8.lean	LeanDring/P5/Data/ColRestHeavy/C009.lean
LeanDring/Basic/P5ColDataRestHeavy9.lean	LeanDring/P5/Data/ColRestHeavy/C010.lean
LeanDring/Basic/P5ColDataTau0.lean	LeanDring/P5/Data/ColTau/C001.lean
LeanDring/Basic/P5ColDataTau1.lean	LeanDring/P5/Data/ColTau/C002.lean
LeanDring/Basic/P5ColDataTau2.lean	LeanDring/P5/Data/ColTau/C003.lean
LeanDring/Basic/P5ColDataTau3.lean	LeanDring/P5/Data/ColTau/C004.lean
LeanDring/Basic/P5Complete.lean	LeanDring/P5/Certificate/SubgroupInventory/Twin1/Complete.lean
LeanDring/Basic/P5Complete2.lean	LeanDring/P5/Certificate/SubgroupInventory/Twin2/Complete.lean
LeanDring/Basic/P5ComputableGroup.lean	LeanDring/P5/Certificate/ComputableModel/Twin1/ComputableGroup.lean
LeanDring/Basic/P5Conj2Aux.lean	LeanDring/P5/Certificate/ConjugacyClasses/Twin2/ConjAux.lean
LeanDring/Basic/P5Conj2Bound.lean	LeanDring/P5/Certificate/ConjugacyClasses/Twin2/ConjBound.lean
LeanDring/Basic/P5Conj2Count.lean	LeanDring/P5/Certificate/ConjugacyClasses/Twin2/ConjCount.lean
LeanDring/Basic/P5Conj2R0.lean	LeanDring/P5/Certificate/ConjugacyClasses/Twin2/ConjR/Chunk01.lean
LeanDring/Basic/P5Conj2R1.lean	LeanDring/P5/Certificate/ConjugacyClasses/Twin2/ConjR/Chunk02.lean
LeanDring/Basic/P5Conj2R2.lean	LeanDring/P5/Certificate/ConjugacyClasses/Twin2/ConjR/Chunk03.lean
LeanDring/Basic/P5Conj2R3.lean	LeanDring/P5/Certificate/ConjugacyClasses/Twin2/ConjR/Chunk04.lean
LeanDring/Basic/P5Conj2R4.lean	LeanDring/P5/Certificate/ConjugacyClasses/Twin2/ConjR/Chunk05.lean
LeanDring/Basic/P5Conj2Tree.lean	LeanDring/P5/Certificate/ConjugacyClasses/Twin2/ConjTree.lean
LeanDring/Basic/P5ConjAux.lean	LeanDring/P5/Certificate/ConjugacyClasses/Twin1/ConjAux.lean
LeanDring/Basic/P5ConjBound.lean	LeanDring/P5/Certificate/ConjugacyClasses/Twin1/ConjBound.lean
LeanDring/Basic/P5ConjClasses.lean	LeanDring/P5/Certificate/ConjugacyClasses/Twin1/ConjClasses.lean
LeanDring/Basic/P5ConjClasses2.lean	LeanDring/P5/Certificate/ConjugacyClasses/Twin2/ConjClasses.lean
LeanDring/Basic/P5ConjCount.lean	LeanDring/P5/Certificate/ConjugacyClasses/Twin1/ConjCount.lean
LeanDring/Basic/P5ConjData.lean	LeanDring/P5/Certificate/ConjugacyClasses/Twin1/ConjData.lean
LeanDring/Basic/P5ConjData2.lean	LeanDring/P5/Certificate/ConjugacyClasses/Twin2/ConjData.lean
LeanDring/Basic/P5ConjGen2.lean	LeanDring/P5/Certificate/Generators/Twin2/ConjGen.lean
LeanDring/Basic/P5ConjR0.lean	LeanDring/P5/Certificate/ConjugacyClasses/Twin1/ConjR/Chunk01.lean
LeanDring/Basic/P5ConjR1.lean	LeanDring/P5/Certificate/ConjugacyClasses/Twin1/ConjR/Chunk02.lean
LeanDring/Basic/P5ConjR2.lean	LeanDring/P5/Certificate/ConjugacyClasses/Twin1/ConjR/Chunk03.lean
LeanDring/Basic/P5ConjR3.lean	LeanDring/P5/Certificate/ConjugacyClasses/Twin1/ConjR/Chunk04.lean
LeanDring/Basic/P5ConjR4.lean	LeanDring/P5/Certificate/ConjugacyClasses/Twin1/ConjR/Chunk05.lean
LeanDring/Basic/P5ConjTree.lean	LeanDring/P5/Certificate/ConjugacyClasses/Twin1/ConjTree.lean
LeanDring/Basic/P5Counterexample.lean	LeanDring/P5/Certificate/Support/Counterexample.lean
LeanDring/Basic/P5CyclotomicCode.lean	LeanDring/P5/Certificate/Support/CyclotomicCode.lean
LeanDring/Basic/P5EntryCore.lean	LeanDring/P5/Certificate/SpeciesTable/Twin1/EntryCore.lean
LeanDring/Basic/P5EntryCore2.lean	LeanDring/P5/Certificate/SpeciesTable/Twin2/EntryCore.lean
LeanDring/Basic/P5EntryData.lean	LeanDring/P5/Certificate/SpeciesTable/Twin1/EntryData.lean
LeanDring/Basic/P5EntryDataA13.lean	LeanDring/P5/Data/EntryA/C001.lean
LeanDring/Basic/P5EntryDataA14.lean	LeanDring/P5/Data/EntryA/C002.lean
LeanDring/Basic/P5EntryDataA15.lean	LeanDring/P5/Data/EntryA/C003.lean
LeanDring/Basic/P5EntryDataA16.lean	LeanDring/P5/Data/EntryA/C004.lean
LeanDring/Basic/P5EntryDataA17.lean	LeanDring/P5/Data/EntryA/C005.lean
LeanDring/Basic/P5EntryDataA18.lean	LeanDring/P5/Data/EntryA/C006.lean
LeanDring/Basic/P5EntryDataA19.lean	LeanDring/P5/Data/EntryA/C007.lean
LeanDring/Basic/P5EntryDataA20.lean	LeanDring/P5/Data/EntryA/C008.lean
LeanDring/Basic/P5EntryDataA21.lean	LeanDring/P5/Data/EntryA/C009.lean
LeanDring/Basic/P5EntryDataA22.lean	LeanDring/P5/Data/EntryA/C010.lean
LeanDring/Basic/P5EntryDataA23.lean	LeanDring/P5/Data/EntryA/C011.lean
LeanDring/Basic/P5EntryDataA24.lean	LeanDring/P5/Data/EntryA/C012.lean
LeanDring/Basic/P5EntryDataA25.lean	LeanDring/P5/Data/EntryA/C013.lean
LeanDring/Basic/P5EntryDataA26.lean	LeanDring/P5/Data/EntryA/C014.lean
LeanDring/Basic/P5EntryDataA27.lean	LeanDring/P5/Data/EntryA/C015.lean
LeanDring/Basic/P5EntryDataA28.lean	LeanDring/P5/Data/EntryA/C016.lean
LeanDring/Basic/P5EntryDataA29.lean	LeanDring/P5/Data/EntryA/C017.lean
LeanDring/Basic/P5EntryDataA30.lean	LeanDring/P5/Data/EntryA/C018.lean
LeanDring/Basic/P5EntryDataA31.lean	LeanDring/P5/Data/EntryA/C019.lean
LeanDring/Basic/P5EntryDataA32.lean	LeanDring/P5/Data/EntryA/C020.lean
LeanDring/Basic/P5EntryDataA33.lean	LeanDring/P5/Data/EntryA/C021.lean
LeanDring/Basic/P5EntryDataA34.lean	LeanDring/P5/Data/EntryA/C022.lean
LeanDring/Basic/P5EntryDataA35.lean	LeanDring/P5/Data/EntryA/C023.lean
LeanDring/Basic/P5EntryDataA36.lean	LeanDring/P5/Data/EntryA/C024.lean
LeanDring/Basic/P5EntryDataA37.lean	LeanDring/P5/Data/EntryA/C025.lean
LeanDring/Basic/P5EntryDataA38.lean	LeanDring/P5/Data/EntryA/C026.lean
LeanDring/Basic/P5EntryDataA39.lean	LeanDring/P5/Data/EntryA/C027.lean
LeanDring/Basic/P5EntryDataA40.lean	LeanDring/P5/Data/EntryA/C028.lean
LeanDring/Basic/P5EntryDataA41.lean	LeanDring/P5/Data/EntryA/C029.lean
LeanDring/Basic/P5EntryDataA42.lean	LeanDring/P5/Data/EntryA/C030.lean
LeanDring/Basic/P5EntryDataA43.lean	LeanDring/P5/Data/EntryA/C031.lean
LeanDring/Basic/P5EntryDataA44.lean	LeanDring/P5/Data/EntryA/C032.lean
LeanDring/Basic/P5EntryDataA45.lean	LeanDring/P5/Data/EntryA/C033.lean
LeanDring/Basic/P5EntryDataA46.lean	LeanDring/P5/Data/EntryA/C034.lean
LeanDring/Basic/P5EntryDataA47.lean	LeanDring/P5/Data/EntryA/C035.lean
LeanDring/Basic/P5EntryDataA48.lean	LeanDring/P5/Data/EntryA/C036.lean
LeanDring/Basic/P5EntryDataA49.lean	LeanDring/P5/Data/EntryA/C037.lean
LeanDring/Basic/P5EntryDataA50.lean	LeanDring/P5/Data/EntryA/C038.lean
LeanDring/Basic/P5EntryDataA51.lean	LeanDring/P5/Data/EntryA/C039.lean
LeanDring/Basic/P5EntryDataA52.lean	LeanDring/P5/Data/EntryA/C040.lean
LeanDring/Basic/P5EntryDataA53.lean	LeanDring/P5/Data/EntryA/C041.lean
LeanDring/Basic/P5EntryDataA54.lean	LeanDring/P5/Data/EntryA/C042.lean
LeanDring/Basic/P5EntryDataGap.lean	LeanDring/P5/Certificate/SpeciesTable/Twin2/EntryDataGap.lean
LeanDring/Basic/P5EntryDataK0.lean	LeanDring/P5/Data/EntryK/C001.lean
LeanDring/Basic/P5EntryDataK1.lean	LeanDring/P5/Data/EntryK/C002.lean
LeanDring/Basic/P5EntryDataK10.lean	LeanDring/P5/Data/EntryK/C011.lean
LeanDring/Basic/P5EntryDataK101.lean	LeanDring/P5/Data/EntryK/C023.lean
LeanDring/Basic/P5EntryDataK109.lean	LeanDring/P5/Data/EntryK/C024.lean
LeanDring/Basic/P5EntryDataK11.lean	LeanDring/P5/Data/EntryK/C012.lean
LeanDring/Basic/P5EntryDataK116.lean	LeanDring/P5/Data/EntryK/C025.lean
LeanDring/Basic/P5EntryDataK117.lean	LeanDring/P5/Data/EntryK/C026.lean
LeanDring/Basic/P5EntryDataK118.lean	LeanDring/P5/Data/EntryK/C027.lean
LeanDring/Basic/P5EntryDataK119.lean	LeanDring/P5/Data/EntryK/C028.lean
LeanDring/Basic/P5EntryDataK12.lean	LeanDring/P5/Data/EntryK/C013.lean
LeanDring/Basic/P5EntryDataK120.lean	LeanDring/P5/Data/EntryK/C029.lean
LeanDring/Basic/P5EntryDataK122.lean	LeanDring/P5/Data/EntryK/C030.lean
LeanDring/Basic/P5EntryDataK124.lean	LeanDring/P5/Data/EntryK/C031.lean
LeanDring/Basic/P5EntryDataK126.lean	LeanDring/P5/Data/EntryK/C032.lean
LeanDring/Basic/P5EntryDataK128.lean	LeanDring/P5/Data/EntryK/C033.lean
LeanDring/Basic/P5EntryDataK130.lean	LeanDring/P5/Data/EntryK/C034.lean
LeanDring/Basic/P5EntryDataK132.lean	LeanDring/P5/Data/EntryK/C035.lean
LeanDring/Basic/P5EntryDataK134.lean	LeanDring/P5/Data/EntryK/C036.lean
LeanDring/Basic/P5EntryDataK136.lean	LeanDring/P5/Data/EntryK/C037.lean
LeanDring/Basic/P5EntryDataK138.lean	LeanDring/P5/Data/EntryK/C038.lean
LeanDring/Basic/P5EntryDataK140.lean	LeanDring/P5/Data/EntryK/C039.lean
LeanDring/Basic/P5EntryDataK141.lean	LeanDring/P5/Data/EntryK/C040.lean
LeanDring/Basic/P5EntryDataK142.lean	LeanDring/P5/Data/EntryK/C041.lean
LeanDring/Basic/P5EntryDataK144.lean	LeanDring/P5/Data/EntryK/C042.lean
LeanDring/Basic/P5EntryDataK146.lean	LeanDring/P5/Data/EntryK/C043.lean
LeanDring/Basic/P5EntryDataK147.lean	LeanDring/P5/Data/EntryK/C044.lean
LeanDring/Basic/P5EntryDataK2.lean	LeanDring/P5/Data/EntryK/C003.lean
LeanDring/Basic/P5EntryDataK3.lean	LeanDring/P5/Data/EntryK/C004.lean
LeanDring/Basic/P5EntryDataK4.lean	LeanDring/P5/Data/EntryK/C005.lean
LeanDring/Basic/P5EntryDataK5.lean	LeanDring/P5/Data/EntryK/C006.lean
LeanDring/Basic/P5EntryDataK55.lean	LeanDring/P5/Data/EntryK/C014.lean
LeanDring/Basic/P5EntryDataK6.lean	LeanDring/P5/Data/EntryK/C007.lean
LeanDring/Basic/P5EntryDataK60.lean	LeanDring/P5/Data/EntryK/C015.lean
LeanDring/Basic/P5EntryDataK65.lean	LeanDring/P5/Data/EntryK/C016.lean
LeanDring/Basic/P5EntryDataK7.lean	LeanDring/P5/Data/EntryK/C008.lean
LeanDring/Basic/P5EntryDataK70.lean	LeanDring/P5/Data/EntryK/C017.lean
LeanDring/Basic/P5EntryDataK75.lean	LeanDring/P5/Data/EntryK/C018.lean
LeanDring/Basic/P5EntryDataK8.lean	LeanDring/P5/Data/EntryK/C009.lean
LeanDring/Basic/P5EntryDataK80.lean	LeanDring/P5/Data/EntryK/C019.lean
LeanDring/Basic/P5EntryDataK85.lean	LeanDring/P5/Data/EntryK/C020.lean
LeanDring/Basic/P5EntryDataK88.lean	LeanDring/P5/Data/EntryK/C021.lean
LeanDring/Basic/P5EntryDataK9.lean	LeanDring/P5/Data/EntryK/C010.lean
LeanDring/Basic/P5EntryDataK93.lean	LeanDring/P5/Data/EntryK/C022.lean
LeanDring/Basic/P5EntryFast.lean	LeanDring/P5/Certificate/SpeciesTable/EntryFast.lean
LeanDring/Basic/P5EntryFix.lean	LeanDring/P5/Certificate/SpeciesTable/Twin1/EntryFix.lean
LeanDring/Basic/P5EntryPilot.lean	LeanDring/P5/Certificate/Support/EntryPilot.lean
LeanDring/Basic/P5EntrySupport.lean	LeanDring/P5/Certificate/SpeciesTable/EntrySupport.lean
LeanDring/Basic/P5EntryTransA.lean	LeanDring/P5/Certificate/SpeciesTable/EntryTransA.lean
LeanDring/Basic/P5FixZero0.lean	LeanDring/P5/Data/FixZero/C001.lean
LeanDring/Basic/P5FixZero1.lean	LeanDring/P5/Data/FixZero/C002.lean
LeanDring/Basic/P5FixZero10.lean	LeanDring/P5/Data/FixZero/C011.lean
LeanDring/Basic/P5FixZero11.lean	LeanDring/P5/Data/FixZero/C012.lean
LeanDring/Basic/P5FixZero12.lean	LeanDring/P5/Data/FixZero/C013.lean
LeanDring/Basic/P5FixZero13.lean	LeanDring/P5/Data/FixZero/C014.lean
LeanDring/Basic/P5FixZero14.lean	LeanDring/P5/Data/FixZero/C015.lean
LeanDring/Basic/P5FixZero15.lean	LeanDring/P5/Data/FixZero/C016.lean
LeanDring/Basic/P5FixZero16.lean	LeanDring/P5/Data/FixZero/C017.lean
LeanDring/Basic/P5FixZero17.lean	LeanDring/P5/Data/FixZero/C018.lean
LeanDring/Basic/P5FixZero18.lean	LeanDring/P5/Data/FixZero/C019.lean
LeanDring/Basic/P5FixZero19.lean	LeanDring/P5/Data/FixZero/C020.lean
LeanDring/Basic/P5FixZero2.lean	LeanDring/P5/Data/FixZero/C003.lean
LeanDring/Basic/P5FixZero20.lean	LeanDring/P5/Data/FixZero/C021.lean
LeanDring/Basic/P5FixZero21.lean	LeanDring/P5/Data/FixZero/C022.lean
LeanDring/Basic/P5FixZero22.lean	LeanDring/P5/Data/FixZero/C023.lean
LeanDring/Basic/P5FixZero23.lean	LeanDring/P5/Data/FixZero/C024.lean
LeanDring/Basic/P5FixZero24.lean	LeanDring/P5/Data/FixZero/C025.lean
LeanDring/Basic/P5FixZero25.lean	LeanDring/P5/Data/FixZero/C026.lean
LeanDring/Basic/P5FixZero26.lean	LeanDring/P5/Data/FixZero/C027.lean
LeanDring/Basic/P5FixZero27.lean	LeanDring/P5/Data/FixZero/C028.lean
LeanDring/Basic/P5FixZero28.lean	LeanDring/P5/Data/FixZero/C029.lean
LeanDring/Basic/P5FixZero29.lean	LeanDring/P5/Data/FixZero/C030.lean
LeanDring/Basic/P5FixZero3.lean	LeanDring/P5/Data/FixZero/C004.lean
LeanDring/Basic/P5FixZero30.lean	LeanDring/P5/Data/FixZero/C031.lean
LeanDring/Basic/P5FixZero31.lean	LeanDring/P5/Data/FixZero/C032.lean
LeanDring/Basic/P5FixZero32.lean	LeanDring/P5/Data/FixZero/C033.lean
LeanDring/Basic/P5FixZero33.lean	LeanDring/P5/Data/FixZero/C034.lean
LeanDring/Basic/P5FixZero34.lean	LeanDring/P5/Data/FixZero/C035.lean
LeanDring/Basic/P5FixZero35.lean	LeanDring/P5/Data/FixZero/C036.lean
LeanDring/Basic/P5FixZero36.lean	LeanDring/P5/Data/FixZero/C037.lean
LeanDring/Basic/P5FixZero37.lean	LeanDring/P5/Data/FixZero/C038.lean
LeanDring/Basic/P5FixZero38.lean	LeanDring/P5/Data/FixZero/C039.lean
LeanDring/Basic/P5FixZero39.lean	LeanDring/P5/Data/FixZero/C040.lean
LeanDring/Basic/P5FixZero4.lean	LeanDring/P5/Data/FixZero/C005.lean
LeanDring/Basic/P5FixZero40.lean	LeanDring/P5/Data/FixZero/C041.lean
LeanDring/Basic/P5FixZero41.lean	LeanDring/P5/Data/FixZero/C042.lean
LeanDring/Basic/P5FixZero42.lean	LeanDring/P5/Data/FixZero/C043.lean
LeanDring/Basic/P5FixZero43.lean	LeanDring/P5/Data/FixZero/C044.lean
LeanDring/Basic/P5FixZero44.lean	LeanDring/P5/Data/FixZero/C045.lean
LeanDring/Basic/P5FixZero45.lean	LeanDring/P5/Data/FixZero/C046.lean
LeanDring/Basic/P5FixZero46.lean	LeanDring/P5/Data/FixZero/C047.lean
LeanDring/Basic/P5FixZero47.lean	LeanDring/P5/Data/FixZero/C048.lean
LeanDring/Basic/P5FixZero48.lean	LeanDring/P5/Data/FixZero/C049.lean
LeanDring/Basic/P5FixZero49.lean	LeanDring/P5/Data/FixZero/C050.lean
LeanDring/Basic/P5FixZero5.lean	LeanDring/P5/Data/FixZero/C006.lean
LeanDring/Basic/P5FixZero50.lean	LeanDring/P5/Data/FixZero/C051.lean
LeanDring/Basic/P5FixZero51.lean	LeanDring/P5/Data/FixZero/C052.lean
LeanDring/Basic/P5FixZero52.lean	LeanDring/P5/Data/FixZero/C053.lean
LeanDring/Basic/P5FixZero53.lean	LeanDring/P5/Data/FixZero/C054.lean
LeanDring/Basic/P5FixZero54.lean	LeanDring/P5/Data/FixZero/C055.lean
LeanDring/Basic/P5FixZero55.lean	LeanDring/P5/Data/FixZero/C056.lean
LeanDring/Basic/P5FixZero56.lean	LeanDring/P5/Data/FixZero/C057.lean
LeanDring/Basic/P5FixZero57.lean	LeanDring/P5/Data/FixZero/C058.lean
LeanDring/Basic/P5FixZero58.lean	LeanDring/P5/Data/FixZero/C059.lean
LeanDring/Basic/P5FixZero59.lean	LeanDring/P5/Data/FixZero/C060.lean
LeanDring/Basic/P5FixZero6.lean	LeanDring/P5/Data/FixZero/C007.lean
LeanDring/Basic/P5FixZero60.lean	LeanDring/P5/Data/FixZero/C061.lean
LeanDring/Basic/P5FixZero61.lean	LeanDring/P5/Data/FixZero/C062.lean
LeanDring/Basic/P5FixZero62.lean	LeanDring/P5/Data/FixZero/C063.lean
LeanDring/Basic/P5FixZero63.lean	LeanDring/P5/Data/FixZero/C064.lean
LeanDring/Basic/P5FixZero64.lean	LeanDring/P5/Data/FixZero/C065.lean
LeanDring/Basic/P5FixZero65.lean	LeanDring/P5/Data/FixZero/C066.lean
LeanDring/Basic/P5FixZero66.lean	LeanDring/P5/Data/FixZero/C067.lean
LeanDring/Basic/P5FixZero67.lean	LeanDring/P5/Data/FixZero/C068.lean
LeanDring/Basic/P5FixZero68.lean	LeanDring/P5/Data/FixZero/C069.lean
LeanDring/Basic/P5FixZero69.lean	LeanDring/P5/Data/FixZero/C070.lean
LeanDring/Basic/P5FixZero7.lean	LeanDring/P5/Data/FixZero/C008.lean
LeanDring/Basic/P5FixZero70.lean	LeanDring/P5/Data/FixZero/C071.lean
LeanDring/Basic/P5FixZero71.lean	LeanDring/P5/Data/FixZero/C072.lean
LeanDring/Basic/P5FixZero72.lean	LeanDring/P5/Data/FixZero/C073.lean
LeanDring/Basic/P5FixZero73.lean	LeanDring/P5/Data/FixZero/C074.lean
LeanDring/Basic/P5FixZero74.lean	LeanDring/P5/Data/FixZero/C075.lean
LeanDring/Basic/P5FixZero75.lean	LeanDring/P5/Data/FixZero/C076.lean
LeanDring/Basic/P5FixZero76.lean	LeanDring/P5/Data/FixZero/C077.lean
LeanDring/Basic/P5FixZero77.lean	LeanDring/P5/Data/FixZero/C078.lean
LeanDring/Basic/P5FixZero78.lean	LeanDring/P5/Data/FixZero/C079.lean
LeanDring/Basic/P5FixZero79.lean	LeanDring/P5/Data/FixZero/C080.lean
LeanDring/Basic/P5FixZero8.lean	LeanDring/P5/Data/FixZero/C009.lean
LeanDring/Basic/P5FixZero80.lean	LeanDring/P5/Data/FixZero/C081.lean
LeanDring/Basic/P5FixZero81.lean	LeanDring/P5/Data/FixZero/C082.lean
LeanDring/Basic/P5FixZero82.lean	LeanDring/P5/Data/FixZero/C083.lean
LeanDring/Basic/P5FixZero83.lean	LeanDring/P5/Data/FixZero/C084.lean
LeanDring/Basic/P5FixZero84.lean	LeanDring/P5/Data/FixZero/C085.lean
LeanDring/Basic/P5FixZero85.lean	LeanDring/P5/Data/FixZero/C086.lean
LeanDring/Basic/P5FixZero86.lean	LeanDring/P5/Data/FixZero/C087.lean
LeanDring/Basic/P5FixZero87.lean	LeanDring/P5/Data/FixZero/C088.lean
LeanDring/Basic/P5FixZero9.lean	LeanDring/P5/Data/FixZero/C010.lean
LeanDring/Basic/P5FratDischarge.lean	LeanDring/P5/Certificate/SubgroupInventory/Twin1/FratDischarge.lean
LeanDring/Basic/P5FratDischarge2.lean	LeanDring/P5/Certificate/SubgroupInventory/Twin2/FratDischarge.lean
LeanDring/Basic/P5FrattiniCert.lean	LeanDring/P5/Certificate/SubgroupInventory/Twin1/FrattiniCert.lean
LeanDring/Basic/P5FrattiniCert2.lean	LeanDring/P5/Certificate/SubgroupInventory/Twin2/FrattiniCert.lean
LeanDring/Basic/P5Gen.lean	LeanDring/P5/Certificate/Generators/Twin1/Gen.lean
LeanDring/Basic/P5Gen2.lean	LeanDring/P5/Certificate/Generators/Twin2/Gen.lean
LeanDring/Basic/P5Gen2Cert.lean	LeanDring/P5/Certificate/Generators/Twin2/GenCert.lean
LeanDring/Basic/P5Gen2Char.lean	LeanDring/P5/Certificate/Generators/Twin2/GenChar.lean
LeanDring/Basic/P5IndexCount.lean	LeanDring/P5/Certificate/Support/IndexCount.lean
LeanDring/Basic/P5Inj625.lean	LeanDring/P5/Certificate/SubgroupInventory/Twin1/Inj625.lean
LeanDring/Basic/P5MatchAll.lean	LeanDring/P5/Certificate/RingIsomorphism/MatchAll.lean
LeanDring/Basic/P5MatchCore.lean	LeanDring/P5/Certificate/RingIsomorphism/MatchCore.lean
LeanDring/Basic/P5MatchLeaf0.lean	LeanDring/P5/Data/MatchLeaf/C001.lean
LeanDring/Basic/P5MatchLeaf1.lean	LeanDring/P5/Data/MatchLeaf/C002.lean
LeanDring/Basic/P5MatchLeaf10.lean	LeanDring/P5/Data/MatchLeaf/C011.lean
LeanDring/Basic/P5MatchLeaf11.lean	LeanDring/P5/Data/MatchLeaf/C012.lean
LeanDring/Basic/P5MatchLeaf12.lean	LeanDring/P5/Data/MatchLeaf/C013.lean
LeanDring/Basic/P5MatchLeaf13.lean	LeanDring/P5/Data/MatchLeaf/C014.lean
LeanDring/Basic/P5MatchLeaf14.lean	LeanDring/P5/Data/MatchLeaf/C015.lean
LeanDring/Basic/P5MatchLeaf15.lean	LeanDring/P5/Data/MatchLeaf/C016.lean
LeanDring/Basic/P5MatchLeaf16.lean	LeanDring/P5/Data/MatchLeaf/C017.lean
LeanDring/Basic/P5MatchLeaf17.lean	LeanDring/P5/Data/MatchLeaf/C018.lean
LeanDring/Basic/P5MatchLeaf18.lean	LeanDring/P5/Data/MatchLeaf/C019.lean
LeanDring/Basic/P5MatchLeaf19.lean	LeanDring/P5/Data/MatchLeaf/C020.lean
LeanDring/Basic/P5MatchLeaf2.lean	LeanDring/P5/Data/MatchLeaf/C003.lean
LeanDring/Basic/P5MatchLeaf20.lean	LeanDring/P5/Data/MatchLeaf/C021.lean
LeanDring/Basic/P5MatchLeaf21.lean	LeanDring/P5/Data/MatchLeaf/C022.lean
LeanDring/Basic/P5MatchLeaf22.lean	LeanDring/P5/Data/MatchLeaf/C023.lean
LeanDring/Basic/P5MatchLeaf23.lean	LeanDring/P5/Data/MatchLeaf/C024.lean
LeanDring/Basic/P5MatchLeaf24.lean	LeanDring/P5/Data/MatchLeaf/C025.lean
LeanDring/Basic/P5MatchLeaf25.lean	LeanDring/P5/Data/MatchLeaf/C026.lean
LeanDring/Basic/P5MatchLeaf26.lean	LeanDring/P5/Data/MatchLeaf/C027.lean
LeanDring/Basic/P5MatchLeaf27.lean	LeanDring/P5/Data/MatchLeaf/C028.lean
LeanDring/Basic/P5MatchLeaf28.lean	LeanDring/P5/Data/MatchLeaf/C029.lean
LeanDring/Basic/P5MatchLeaf29.lean	LeanDring/P5/Data/MatchLeaf/C030.lean
LeanDring/Basic/P5MatchLeaf3.lean	LeanDring/P5/Data/MatchLeaf/C004.lean
LeanDring/Basic/P5MatchLeaf30.lean	LeanDring/P5/Data/MatchLeaf/C031.lean
LeanDring/Basic/P5MatchLeaf31.lean	LeanDring/P5/Data/MatchLeaf/C032.lean
LeanDring/Basic/P5MatchLeaf32.lean	LeanDring/P5/Data/MatchLeaf/C033.lean
LeanDring/Basic/P5MatchLeaf33.lean	LeanDring/P5/Data/MatchLeaf/C034.lean
LeanDring/Basic/P5MatchLeaf34.lean	LeanDring/P5/Data/MatchLeaf/C035.lean
LeanDring/Basic/P5MatchLeaf35.lean	LeanDring/P5/Data/MatchLeaf/C036.lean
LeanDring/Basic/P5MatchLeaf36.lean	LeanDring/P5/Data/MatchLeaf/C037.lean
LeanDring/Basic/P5MatchLeaf37.lean	LeanDring/P5/Data/MatchLeaf/C038.lean
LeanDring/Basic/P5MatchLeaf38.lean	LeanDring/P5/Data/MatchLeaf/C039.lean
LeanDring/Basic/P5MatchLeaf39.lean	LeanDring/P5/Data/MatchLeaf/C040.lean
LeanDring/Basic/P5MatchLeaf4.lean	LeanDring/P5/Data/MatchLeaf/C005.lean
LeanDring/Basic/P5MatchLeaf40.lean	LeanDring/P5/Data/MatchLeaf/C041.lean
LeanDring/Basic/P5MatchLeaf41.lean	LeanDring/P5/Data/MatchLeaf/C042.lean
LeanDring/Basic/P5MatchLeaf42.lean	LeanDring/P5/Data/MatchLeaf/C043.lean
LeanDring/Basic/P5MatchLeaf43.lean	LeanDring/P5/Data/MatchLeaf/C044.lean
LeanDring/Basic/P5MatchLeaf44.lean	LeanDring/P5/Data/MatchLeaf/C045.lean
LeanDring/Basic/P5MatchLeaf45.lean	LeanDring/P5/Data/MatchLeaf/C046.lean
LeanDring/Basic/P5MatchLeaf46.lean	LeanDring/P5/Data/MatchLeaf/C047.lean
LeanDring/Basic/P5MatchLeaf47.lean	LeanDring/P5/Data/MatchLeaf/C048.lean
LeanDring/Basic/P5MatchLeaf48.lean	LeanDring/P5/Data/MatchLeaf/C049.lean
LeanDring/Basic/P5MatchLeaf49.lean	LeanDring/P5/Data/MatchLeaf/C050.lean
LeanDring/Basic/P5MatchLeaf5.lean	LeanDring/P5/Data/MatchLeaf/C006.lean
LeanDring/Basic/P5MatchLeaf50.lean	LeanDring/P5/Data/MatchLeaf/C051.lean
LeanDring/Basic/P5MatchLeaf51.lean	LeanDring/P5/Data/MatchLeaf/C052.lean
LeanDring/Basic/P5MatchLeaf52.lean	LeanDring/P5/Data/MatchLeaf/C053.lean
LeanDring/Basic/P5MatchLeaf53.lean	LeanDring/P5/Data/MatchLeaf/C054.lean
LeanDring/Basic/P5MatchLeaf54.lean	LeanDring/P5/Data/MatchLeaf/C055.lean
LeanDring/Basic/P5MatchLeaf55.lean	LeanDring/P5/Data/MatchLeaf/C056.lean
LeanDring/Basic/P5MatchLeaf56.lean	LeanDring/P5/Data/MatchLeaf/C057.lean
LeanDring/Basic/P5MatchLeaf57.lean	LeanDring/P5/Data/MatchLeaf/C058.lean
LeanDring/Basic/P5MatchLeaf58.lean	LeanDring/P5/Data/MatchLeaf/C059.lean
LeanDring/Basic/P5MatchLeaf6.lean	LeanDring/P5/Data/MatchLeaf/C007.lean
LeanDring/Basic/P5MatchLeaf7.lean	LeanDring/P5/Data/MatchLeaf/C008.lean
LeanDring/Basic/P5MatchLeaf8.lean	LeanDring/P5/Data/MatchLeaf/C009.lean
LeanDring/Basic/P5MatchLeaf9.lean	LeanDring/P5/Data/MatchLeaf/C010.lean
LeanDring/Basic/P5MatchMaster0.lean	LeanDring/P5/Data/MatchMaster/C001.lean
LeanDring/Basic/P5MatchMaster1.lean	LeanDring/P5/Data/MatchMaster/C002.lean
LeanDring/Basic/P5MatchMaster10.lean	LeanDring/P5/Data/MatchMaster/C011.lean
LeanDring/Basic/P5MatchMaster11.lean	LeanDring/P5/Data/MatchMaster/C012.lean
LeanDring/Basic/P5MatchMaster12.lean	LeanDring/P5/Data/MatchMaster/C013.lean
LeanDring/Basic/P5MatchMaster13.lean	LeanDring/P5/Data/MatchMaster/C014.lean
LeanDring/Basic/P5MatchMaster14.lean	LeanDring/P5/Data/MatchMaster/C015.lean
LeanDring/Basic/P5MatchMaster15.lean	LeanDring/P5/Data/MatchMaster/C016.lean
LeanDring/Basic/P5MatchMaster16.lean	LeanDring/P5/Data/MatchMaster/C017.lean
LeanDring/Basic/P5MatchMaster17.lean	LeanDring/P5/Data/MatchMaster/C018.lean
LeanDring/Basic/P5MatchMaster18.lean	LeanDring/P5/Data/MatchMaster/C019.lean
LeanDring/Basic/P5MatchMaster2.lean	LeanDring/P5/Data/MatchMaster/C003.lean
LeanDring/Basic/P5MatchMaster3.lean	LeanDring/P5/Data/MatchMaster/C004.lean
LeanDring/Basic/P5MatchMaster4.lean	LeanDring/P5/Data/MatchMaster/C005.lean
LeanDring/Basic/P5MatchMaster5.lean	LeanDring/P5/Data/MatchMaster/C006.lean
LeanDring/Basic/P5MatchMaster6.lean	LeanDring/P5/Data/MatchMaster/C007.lean
LeanDring/Basic/P5MatchMaster7.lean	LeanDring/P5/Data/MatchMaster/C008.lean
LeanDring/Basic/P5MatchMaster8.lean	LeanDring/P5/Data/MatchMaster/C009.lean
LeanDring/Basic/P5MatchMaster9.lean	LeanDring/P5/Data/MatchMaster/C010.lean
LeanDring/Basic/P5MatchPair0.lean	LeanDring/P5/Data/MatchPair/C001.lean
LeanDring/Basic/P5MatchPair1.lean	LeanDring/P5/Data/MatchPair/C002.lean
LeanDring/Basic/P5MatchPair10.lean	LeanDring/P5/Data/MatchPair/C011.lean
LeanDring/Basic/P5MatchPair11.lean	LeanDring/P5/Data/MatchPair/C012.lean
LeanDring/Basic/P5MatchPair2.lean	LeanDring/P5/Data/MatchPair/C003.lean
LeanDring/Basic/P5MatchPair3.lean	LeanDring/P5/Data/MatchPair/C004.lean
LeanDring/Basic/P5MatchPair4.lean	LeanDring/P5/Data/MatchPair/C005.lean
LeanDring/Basic/P5MatchPair5.lean	LeanDring/P5/Data/MatchPair/C006.lean
LeanDring/Basic/P5MatchPair6.lean	LeanDring/P5/Data/MatchPair/C007.lean
LeanDring/Basic/P5MatchPair7.lean	LeanDring/P5/Data/MatchPair/C008.lean
LeanDring/Basic/P5MatchPair8.lean	LeanDring/P5/Data/MatchPair/C009.lean
LeanDring/Basic/P5MatchPair9.lean	LeanDring/P5/Data/MatchPair/C010.lean
LeanDring/Basic/P5NormCard.lean	LeanDring/P5/Certificate/ConjugacyClasses/Twin1/NormCard.lean
LeanDring/Basic/P5NormCard2.lean	LeanDring/P5/Certificate/ConjugacyClasses/Twin2/NormCard.lean
LeanDring/Basic/P5NormChunk0.lean	LeanDring/P5/Certificate/ConjugacyClasses/Twin1/NormChunk/Chunk01.lean
LeanDring/Basic/P5NormChunk0_2.lean	LeanDring/P5/Certificate/ConjugacyClasses/Twin2/NormChunk/Chunk01.lean
LeanDring/Basic/P5NormChunk1.lean	LeanDring/P5/Certificate/ConjugacyClasses/Twin1/NormChunk/Chunk02.lean
LeanDring/Basic/P5NormChunk1_2.lean	LeanDring/P5/Certificate/ConjugacyClasses/Twin2/NormChunk/Chunk02.lean
LeanDring/Basic/P5NormChunk2.lean	LeanDring/P5/Certificate/ConjugacyClasses/Twin1/NormChunk/Chunk03.lean
LeanDring/Basic/P5NormChunk2_2.lean	LeanDring/P5/Certificate/ConjugacyClasses/Twin2/NormChunk/Chunk03.lean
LeanDring/Basic/P5NormChunk3.lean	LeanDring/P5/Certificate/ConjugacyClasses/Twin1/NormChunk/Chunk04.lean
LeanDring/Basic/P5NormChunk3_2.lean	LeanDring/P5/Certificate/ConjugacyClasses/Twin2/NormChunk/Chunk04.lean
LeanDring/Basic/P5NormGen.lean	LeanDring/P5/Certificate/Generators/Twin1/NormGen.lean
LeanDring/Basic/P5NormGen2.lean	LeanDring/P5/Certificate/Generators/Twin2/NormGen.lean
LeanDring/Basic/P5NormLink1.lean	LeanDring/P5/Certificate/ConjugacyClasses/Twin1/NormLink1.lean
LeanDring/Basic/P5NormLink1_2.lean	LeanDring/P5/Certificate/ConjugacyClasses/Twin2/NormLink1.lean
LeanDring/Basic/P5NormLink2.lean	LeanDring/P5/Certificate/ConjugacyClasses/Twin1/NormLink.lean
LeanDring/Basic/P5NormLink2Data.lean	LeanDring/P5/Certificate/ConjugacyClasses/Twin1/NormLink2Data.lean
LeanDring/Basic/P5NormLink2Data2.lean	LeanDring/P5/Certificate/ConjugacyClasses/Twin2/NormLink2Data.lean
LeanDring/Basic/P5NormLink2_2.lean	LeanDring/P5/Certificate/ConjugacyClasses/Twin2/NormLink.lean
LeanDring/Basic/P5NormOrbitData.lean	LeanDring/P5/Certificate/ConjugacyClasses/Twin1/NormOrbitData.lean
LeanDring/Basic/P5NormOrbitData2.lean	LeanDring/P5/Certificate/ConjugacyClasses/Twin2/NormOrbitData.lean
LeanDring/Basic/P5NormOrbits.lean	LeanDring/P5/Certificate/ConjugacyClasses/Twin1/NormOrbits.lean
LeanDring/Basic/P5NormOrbits2.lean	LeanDring/P5/Certificate/ConjugacyClasses/Twin2/NormOrbits.lean
LeanDring/Basic/P5PairClass.lean	LeanDring/P5/Certificate/ConjugacyClasses/Twin1/PairClass.lean
LeanDring/Basic/P5PairClass2.lean	LeanDring/P5/Certificate/ConjugacyClasses/Twin2/PairClass.lean
LeanDring/Basic/P5PairClassInj.lean	LeanDring/P5/Certificate/ConjugacyClasses/Twin1/PairClassInj.lean
LeanDring/Basic/P5PairClassInj2.lean	LeanDring/P5/Certificate/ConjugacyClasses/Twin2/PairClassInj.lean
LeanDring/Basic/P5Presentation.lean	LeanDring/P5/Certificate/Presentation/Presentation.lean
LeanDring/Basic/P5Sigma.lean	LeanDring/P5/Certificate/RingIsomorphism/Twin2/Sigma.lean
LeanDring/Basic/P5SpeciesAlign0.lean	LeanDring/P5/Data/SpeciesAlign/C001.lean
LeanDring/Basic/P5SpeciesAlign1.lean	LeanDring/P5/Data/SpeciesAlign/C002.lean
LeanDring/Basic/P5SpeciesAlign10.lean	LeanDring/P5/Data/SpeciesAlign/C011.lean
LeanDring/Basic/P5SpeciesAlign11.lean	LeanDring/P5/Data/SpeciesAlign/C012.lean
LeanDring/Basic/P5SpeciesAlign12.lean	LeanDring/P5/Data/SpeciesAlign/C013.lean
LeanDring/Basic/P5SpeciesAlign13.lean	LeanDring/P5/Data/SpeciesAlign/C014.lean
LeanDring/Basic/P5SpeciesAlign14.lean	LeanDring/P5/Data/SpeciesAlign/C015.lean
LeanDring/Basic/P5SpeciesAlign15.lean	LeanDring/P5/Data/SpeciesAlign/C016.lean
LeanDring/Basic/P5SpeciesAlign16.lean	LeanDring/P5/Data/SpeciesAlign/C017.lean
LeanDring/Basic/P5SpeciesAlign17.lean	LeanDring/P5/Data/SpeciesAlign/C018.lean
LeanDring/Basic/P5SpeciesAlign18.lean	LeanDring/P5/Data/SpeciesAlign/C019.lean
LeanDring/Basic/P5SpeciesAlign19.lean	LeanDring/P5/Data/SpeciesAlign/C020.lean
LeanDring/Basic/P5SpeciesAlign2.lean	LeanDring/P5/Data/SpeciesAlign/C003.lean
LeanDring/Basic/P5SpeciesAlign20.lean	LeanDring/P5/Data/SpeciesAlign/C021.lean
LeanDring/Basic/P5SpeciesAlign21.lean	LeanDring/P5/Data/SpeciesAlign/C022.lean
LeanDring/Basic/P5SpeciesAlign22.lean	LeanDring/P5/Data/SpeciesAlign/C023.lean
LeanDring/Basic/P5SpeciesAlign23.lean	LeanDring/P5/Data/SpeciesAlign/C024.lean
LeanDring/Basic/P5SpeciesAlign24.lean	LeanDring/P5/Data/SpeciesAlign/C025.lean
LeanDring/Basic/P5SpeciesAlign25.lean	LeanDring/P5/Data/SpeciesAlign/C026.lean
LeanDring/Basic/P5SpeciesAlign3.lean	LeanDring/P5/Data/SpeciesAlign/C004.lean
LeanDring/Basic/P5SpeciesAlign4.lean	LeanDring/P5/Data/SpeciesAlign/C005.lean
LeanDring/Basic/P5SpeciesAlign5.lean	LeanDring/P5/Data/SpeciesAlign/C006.lean
LeanDring/Basic/P5SpeciesAlign6.lean	LeanDring/P5/Data/SpeciesAlign/C007.lean
LeanDring/Basic/P5SpeciesAlign7.lean	LeanDring/P5/Data/SpeciesAlign/C008.lean
LeanDring/Basic/P5SpeciesAlign8.lean	LeanDring/P5/Data/SpeciesAlign/C009.lean
LeanDring/Basic/P5SpeciesAlign9.lean	LeanDring/P5/Data/SpeciesAlign/C010.lean
LeanDring/Basic/P5SpeciesColumn.lean	LeanDring/P5/Certificate/SpeciesTable/Twin1/SpeciesColumn.lean
LeanDring/Basic/P5SpeciesColumn2.lean	LeanDring/P5/Certificate/SpeciesTable/Twin2/SpeciesColumn.lean
LeanDring/Basic/P5SpeciesComplete.lean	LeanDring/P5/Certificate/SpeciesTable/Twin1/SpeciesComplete.lean
LeanDring/Basic/P5SpeciesComplete2.lean	LeanDring/P5/Certificate/SpeciesTable/Twin2/SpeciesComplete.lean
LeanDring/Basic/P5SpeciesCosets.lean	LeanDring/P5/Certificate/SpeciesTable/Twin1/SpeciesCosets.lean
LeanDring/Basic/P5SpeciesCosets2.lean	LeanDring/P5/Certificate/SpeciesTable/Twin2/SpeciesCosets.lean
LeanDring/Basic/P5SpeciesDiv0.lean	LeanDring/P5/Data/SpeciesDiv/C001.lean
LeanDring/Basic/P5SpeciesDiv1.lean	LeanDring/P5/Data/SpeciesDiv/C002.lean
LeanDring/Basic/P5SpeciesDiv10.lean	LeanDring/P5/Data/SpeciesDiv/C011.lean
LeanDring/Basic/P5SpeciesDiv11.lean	LeanDring/P5/Data/SpeciesDiv/C012.lean
LeanDring/Basic/P5SpeciesDiv12.lean	LeanDring/P5/Data/SpeciesDiv/C013.lean
LeanDring/Basic/P5SpeciesDiv13.lean	LeanDring/P5/Data/SpeciesDiv/C014.lean
LeanDring/Basic/P5SpeciesDiv14.lean	LeanDring/P5/Data/SpeciesDiv/C015.lean
LeanDring/Basic/P5SpeciesDiv15.lean	LeanDring/P5/Data/SpeciesDiv/C016.lean
LeanDring/Basic/P5SpeciesDiv16.lean	LeanDring/P5/Data/SpeciesDiv/C017.lean
LeanDring/Basic/P5SpeciesDiv17.lean	LeanDring/P5/Data/SpeciesDiv/C018.lean
LeanDring/Basic/P5SpeciesDiv18.lean	LeanDring/P5/Data/SpeciesDiv/C019.lean
LeanDring/Basic/P5SpeciesDiv19.lean	LeanDring/P5/Data/SpeciesDiv/C020.lean
LeanDring/Basic/P5SpeciesDiv2.lean	LeanDring/P5/Data/SpeciesDiv/C003.lean
LeanDring/Basic/P5SpeciesDiv20.lean	LeanDring/P5/Data/SpeciesDiv/C021.lean
LeanDring/Basic/P5SpeciesDiv21.lean	LeanDring/P5/Data/SpeciesDiv/C022.lean
LeanDring/Basic/P5SpeciesDiv22.lean	LeanDring/P5/Data/SpeciesDiv/C023.lean
LeanDring/Basic/P5SpeciesDiv23.lean	LeanDring/P5/Data/SpeciesDiv/C024.lean
LeanDring/Basic/P5SpeciesDiv24.lean	LeanDring/P5/Data/SpeciesDiv/C025.lean
LeanDring/Basic/P5SpeciesDiv25.lean	LeanDring/P5/Data/SpeciesDiv/C026.lean
LeanDring/Basic/P5SpeciesDiv26.lean	LeanDring/P5/Data/SpeciesDiv/C027.lean
LeanDring/Basic/P5SpeciesDiv27.lean	LeanDring/P5/Data/SpeciesDiv/C028.lean
LeanDring/Basic/P5SpeciesDiv28.lean	LeanDring/P5/Data/SpeciesDiv/C029.lean
LeanDring/Basic/P5SpeciesDiv29.lean	LeanDring/P5/Data/SpeciesDiv/C030.lean
LeanDring/Basic/P5SpeciesDiv3.lean	LeanDring/P5/Data/SpeciesDiv/C004.lean
LeanDring/Basic/P5SpeciesDiv30.lean	LeanDring/P5/Data/SpeciesDiv/C031.lean
LeanDring/Basic/P5SpeciesDiv31.lean	LeanDring/P5/Data/SpeciesDiv/C032.lean
LeanDring/Basic/P5SpeciesDiv32.lean	LeanDring/P5/Data/SpeciesDiv/C033.lean
LeanDring/Basic/P5SpeciesDiv33.lean	LeanDring/P5/Data/SpeciesDiv/C034.lean
LeanDring/Basic/P5SpeciesDiv34.lean	LeanDring/P5/Data/SpeciesDiv/C035.lean
LeanDring/Basic/P5SpeciesDiv35.lean	LeanDring/P5/Data/SpeciesDiv/C036.lean
LeanDring/Basic/P5SpeciesDiv36.lean	LeanDring/P5/Data/SpeciesDiv/C037.lean
LeanDring/Basic/P5SpeciesDiv37.lean	LeanDring/P5/Data/SpeciesDiv/C038.lean
LeanDring/Basic/P5SpeciesDiv38.lean	LeanDring/P5/Data/SpeciesDiv/C039.lean
LeanDring/Basic/P5SpeciesDiv39.lean	LeanDring/P5/Data/SpeciesDiv/C040.lean
LeanDring/Basic/P5SpeciesDiv4.lean	LeanDring/P5/Data/SpeciesDiv/C005.lean
LeanDring/Basic/P5SpeciesDiv40.lean	LeanDring/P5/Data/SpeciesDiv/C041.lean
LeanDring/Basic/P5SpeciesDiv41.lean	LeanDring/P5/Data/SpeciesDiv/C042.lean
LeanDring/Basic/P5SpeciesDiv42.lean	LeanDring/P5/Data/SpeciesDiv/C043.lean
LeanDring/Basic/P5SpeciesDiv43.lean	LeanDring/P5/Data/SpeciesDiv/C044.lean
LeanDring/Basic/P5SpeciesDiv44.lean	LeanDring/P5/Data/SpeciesDiv/C045.lean
LeanDring/Basic/P5SpeciesDiv45.lean	LeanDring/P5/Data/SpeciesDiv/C046.lean
LeanDring/Basic/P5SpeciesDiv46.lean	LeanDring/P5/Data/SpeciesDiv/C047.lean
LeanDring/Basic/P5SpeciesDiv47.lean	LeanDring/P5/Data/SpeciesDiv/C048.lean
LeanDring/Basic/P5SpeciesDiv48.lean	LeanDring/P5/Data/SpeciesDiv/C049.lean
LeanDring/Basic/P5SpeciesDiv49.lean	LeanDring/P5/Data/SpeciesDiv/C050.lean
LeanDring/Basic/P5SpeciesDiv5.lean	LeanDring/P5/Data/SpeciesDiv/C006.lean
LeanDring/Basic/P5SpeciesDiv50.lean	LeanDring/P5/Data/SpeciesDiv/C051.lean
LeanDring/Basic/P5SpeciesDiv51.lean	LeanDring/P5/Data/SpeciesDiv/C052.lean
LeanDring/Basic/P5SpeciesDiv52.lean	LeanDring/P5/Data/SpeciesDiv/C053.lean
LeanDring/Basic/P5SpeciesDiv53.lean	LeanDring/P5/Data/SpeciesDiv/C054.lean
LeanDring/Basic/P5SpeciesDiv54.lean	LeanDring/P5/Data/SpeciesDiv/C055.lean
LeanDring/Basic/P5SpeciesDiv55.lean	LeanDring/P5/Data/SpeciesDiv/C056.lean
LeanDring/Basic/P5SpeciesDiv56.lean	LeanDring/P5/Data/SpeciesDiv/C057.lean
LeanDring/Basic/P5SpeciesDiv57.lean	LeanDring/P5/Data/SpeciesDiv/C058.lean
LeanDring/Basic/P5SpeciesDiv58.lean	LeanDring/P5/Data/SpeciesDiv/C059.lean
LeanDring/Basic/P5SpeciesDiv59.lean	LeanDring/P5/Data/SpeciesDiv/C060.lean
LeanDring/Basic/P5SpeciesDiv6.lean	LeanDring/P5/Data/SpeciesDiv/C007.lean
LeanDring/Basic/P5SpeciesDiv60.lean	LeanDring/P5/Data/SpeciesDiv/C061.lean
LeanDring/Basic/P5SpeciesDiv61.lean	LeanDring/P5/Data/SpeciesDiv/C062.lean
LeanDring/Basic/P5SpeciesDiv62.lean	LeanDring/P5/Data/SpeciesDiv/C063.lean
LeanDring/Basic/P5SpeciesDiv63.lean	LeanDring/P5/Data/SpeciesDiv/C064.lean
LeanDring/Basic/P5SpeciesDiv64.lean	LeanDring/P5/Data/SpeciesDiv/C065.lean
LeanDring/Basic/P5SpeciesDiv65.lean	LeanDring/P5/Data/SpeciesDiv/C066.lean
LeanDring/Basic/P5SpeciesDiv66.lean	LeanDring/P5/Data/SpeciesDiv/C067.lean
LeanDring/Basic/P5SpeciesDiv67.lean	LeanDring/P5/Data/SpeciesDiv/C068.lean
LeanDring/Basic/P5SpeciesDiv68.lean	LeanDring/P5/Data/SpeciesDiv/C069.lean
LeanDring/Basic/P5SpeciesDiv7.lean	LeanDring/P5/Data/SpeciesDiv/C008.lean
LeanDring/Basic/P5SpeciesDiv8.lean	LeanDring/P5/Data/SpeciesDiv/C009.lean
LeanDring/Basic/P5SpeciesDiv9.lean	LeanDring/P5/Data/SpeciesDiv/C010.lean
LeanDring/Basic/P5SpeciesEmit.lean	LeanDring/P5/Certificate/SpeciesTable/Twin1/SpeciesEmit.lean
LeanDring/Basic/P5SpeciesEmit2.lean	LeanDring/P5/Certificate/SpeciesTable/Twin2/SpeciesEmit.lean
LeanDring/Basic/P5SpeciesLink.lean	LeanDring/P5/Certificate/SpeciesTable/Twin1/SpeciesLink.lean
LeanDring/Basic/P5SpeciesLink2.lean	LeanDring/P5/Certificate/SpeciesTable/Twin2/SpeciesLink.lean
LeanDring/Basic/P5SpeciesOrbitChunk0.lean	LeanDring/P5/Data/SpeciesOrbitChunk/C001.lean
LeanDring/Basic/P5SpeciesOrbitChunk0_2.lean	LeanDring/P5/Data/SpeciesOrbitChunk/C002.lean
LeanDring/Basic/P5SpeciesOrbitChunk1.lean	LeanDring/P5/Data/SpeciesOrbitChunk/C003.lean
LeanDring/Basic/P5SpeciesOrbitChunk10.lean	LeanDring/P5/Data/SpeciesOrbitChunk/C021.lean
LeanDring/Basic/P5SpeciesOrbitChunk10_2.lean	LeanDring/P5/Data/SpeciesOrbitChunk/C022.lean
LeanDring/Basic/P5SpeciesOrbitChunk11.lean	LeanDring/P5/Data/SpeciesOrbitChunk/C023.lean
LeanDring/Basic/P5SpeciesOrbitChunk11_2.lean	LeanDring/P5/Data/SpeciesOrbitChunk/C024.lean
LeanDring/Basic/P5SpeciesOrbitChunk1_2.lean	LeanDring/P5/Data/SpeciesOrbitChunk/C004.lean
LeanDring/Basic/P5SpeciesOrbitChunk2.lean	LeanDring/P5/Data/SpeciesOrbitChunk/C005.lean
LeanDring/Basic/P5SpeciesOrbitChunk2_2.lean	LeanDring/P5/Data/SpeciesOrbitChunk/C006.lean
LeanDring/Basic/P5SpeciesOrbitChunk3.lean	LeanDring/P5/Data/SpeciesOrbitChunk/C007.lean
LeanDring/Basic/P5SpeciesOrbitChunk3_2.lean	LeanDring/P5/Data/SpeciesOrbitChunk/C008.lean
LeanDring/Basic/P5SpeciesOrbitChunk4.lean	LeanDring/P5/Data/SpeciesOrbitChunk/C009.lean
LeanDring/Basic/P5SpeciesOrbitChunk4_2.lean	LeanDring/P5/Data/SpeciesOrbitChunk/C010.lean
LeanDring/Basic/P5SpeciesOrbitChunk5.lean	LeanDring/P5/Data/SpeciesOrbitChunk/C011.lean
LeanDring/Basic/P5SpeciesOrbitChunk5_2.lean	LeanDring/P5/Data/SpeciesOrbitChunk/C012.lean
LeanDring/Basic/P5SpeciesOrbitChunk6.lean	LeanDring/P5/Data/SpeciesOrbitChunk/C013.lean
LeanDring/Basic/P5SpeciesOrbitChunk6_2.lean	LeanDring/P5/Data/SpeciesOrbitChunk/C014.lean
LeanDring/Basic/P5SpeciesOrbitChunk7.lean	LeanDring/P5/Data/SpeciesOrbitChunk/C015.lean
LeanDring/Basic/P5SpeciesOrbitChunk7_2.lean	LeanDring/P5/Data/SpeciesOrbitChunk/C016.lean
LeanDring/Basic/P5SpeciesOrbitChunk8.lean	LeanDring/P5/Data/SpeciesOrbitChunk/C017.lean
LeanDring/Basic/P5SpeciesOrbitChunk8_2.lean	LeanDring/P5/Data/SpeciesOrbitChunk/C018.lean
LeanDring/Basic/P5SpeciesOrbitChunk9.lean	LeanDring/P5/Data/SpeciesOrbitChunk/C019.lean
LeanDring/Basic/P5SpeciesOrbitChunk9_2.lean	LeanDring/P5/Data/SpeciesOrbitChunk/C020.lean
LeanDring/Basic/P5SpeciesOrbitData.lean	LeanDring/P5/Certificate/SpeciesTable/Twin1/SpeciesOrbitData.lean
LeanDring/Basic/P5SpeciesOrbitData2.lean	LeanDring/P5/Certificate/SpeciesTable/Twin2/SpeciesOrbitData.lean
LeanDring/Basic/P5SpeciesOrbits.lean	LeanDring/P5/Certificate/SpeciesTable/Twin1/SpeciesOrbits.lean
LeanDring/Basic/P5SpeciesOrbits2.lean	LeanDring/P5/Certificate/SpeciesTable/Twin2/SpeciesOrbits.lean
LeanDring/Basic/P5SpeciesTau0.lean	LeanDring/P5/Certificate/SpeciesTable/Twin2/SpeciesTau/Chunk01.lean
LeanDring/Basic/P5SpeciesTau1.lean	LeanDring/P5/Certificate/SpeciesTable/Twin2/SpeciesTau/Chunk02.lean
LeanDring/Basic/P5SpeciesTau2.lean	LeanDring/P5/Certificate/SpeciesTable/Twin2/SpeciesTau/Chunk03.lean
LeanDring/Basic/P5Stage5Core.lean	LeanDring/P5/Certificate/Support/Stage5Core.lean
LeanDring/Basic/P5SupportCount.lean	LeanDring/P5/Certificate/Support/SupportCount.lean
LeanDring/Basic/P5TransversalGen.lean	LeanDring/P5/Certificate/Generators/Twin1/TransversalGen.lean
LeanDring/Basic/Species.lean	LeanDring/Theory/DRing/Species.lean
LeanDring/Basic/SpeciesConj.lean	LeanDring/Theory/DRing/SpeciesConj.lean
LeanDring/Basic/SpeciesInjectivity.lean	LeanDring/Theory/DRing/SpeciesInjectivity.lean
LeanDring/Basic/SplitDG.lean	LeanDring/Theory/DRing/SplitDG.lean
LeanDring/Basic/SplitTorsionUnits.lean	LeanDring/Theory/DRing/SplitTorsionUnits.lean
LeanDring/Basic/SubgroupCount.lean	LeanDring/Theory/DRing/SubgroupCount.lean
LeanDring/Basic/Unipotent.lean	LeanDring/Theory/DRing/Unipotent.lean
LeanDring/Basic/Units.lean	LeanDring/Theory/DRing/Units.lean
